0.37575310468673706 0.5095620155334473 -3.889192896622262e-07 0.4492371082305908 0.46708762645721436 -0.019898097962141037 0.5042680501937866 0.4040398895740509 -0.0400853306055069 0.5302224159240723 0.34784436225891113 -0.06220764294266701 0.5030362606048584 0.3122897148132324 -0.07829444855451584 0.44525501132011414 0.22321990132331848 -0.007772776298224926 0.5041664838790894 0.24949873983860016 -0.04616476967930794 0.49620184302330017 0.3177403211593628 -0.06843838840723038 0.47518888115882874 0.3235282003879547 -0.08090755343437195 0.4046795964241028 0.22009894251823425 -0.01756037026643753 0.47781598567962646 0.27847522497177124 -0.05023588240146637 0.4653223156929016 0.35759270191192627 -0.057609133422374725 0.44211018085479736 0.3442938029766083 -0.05818706378340721 0.3701190948486328 0.24514693021774292 -0.033003803342580795 0.44089898467063904 0.31606632471084595 -0.0635903850197792 0.43188202381134033 0.3810417354106903 -0.056738365441560745 0.40880125761032104 0.3671579360961914 -0.047955889254808426 0.34213387966156006 0.2869996130466461 -0.051568809896707535 0.39923977851867676 0.34975725412368774 -0.06852220743894577 0.3964320421218872 0.3955276608467102 -0.06289219856262207 0.37663426995277405 0.38729146122932434 -0.055249232798814774
0.3852698802947998 0.5128410458564758 -3.047800305466808e-07 0.4538136422634125 0.4710167348384857 -0.021734170615673065 0.5074169039726257 0.4064587950706482 -0.04420023038983345 0.5339933037757874 0.34972453117370605 -0.06876435875892639 0.50761479139328 0.3162853419780731 -0.08734485507011414 0.44609132409095764 0.22407633066177368 -0.009857812896370888 0.4988173246383667 0.2475184202194214 -0.048774514347314835 0.5014278888702393 0.30759069323539734 -0.0691189095377922 0.49075013399124146 0.3170750141143799 -0.07879970222711563 0.40519699454307556 0.22312453389167786 -0.018455252051353455 0.47689759731292725 0.2846529185771942 -0.05048485845327377 0.46822094917297363 0.3620968163013458 -0.055108584463596344 0.4489135146141052 0.3468152582645416 -0.053153228014707565 0.37116870284080505 0.24957206845283508 -0.0331689789891243 0.44282615184783936 0.3209991455078125 -0.06392909586429596 0.43711546063423157 0.38286054134368896 -0.055860020220279694 0.41721421480178833 0.36923930048942566 -0.04580431804060936 0.34419921040534973 0.29336562752723694 -0.05123302340507507 0.4032024145126343 0.3535615801811218 -0.06769709289073944 0.4011206030845642 0.39792850613594055 -0.06116205081343651 0.3819338381290436 0.3917967975139618 -0.05252672731876373
0.38913264870643616 0.5095919966697693 -3.6388826174516e-07 0.4609074890613556 0.4698760509490967 -0.023304790258407593 0.5158860087394714 0.4066457748413086 -0.0450248159468174 0.5433993339538574 0.35530075430870056 -0.06787023693323135 0.5249521136283875 0.32400789856910706 -0.0841396152973175 0.4488968253135681 0.2183184027671814 -0.01070854440331459 0.5165150165557861 0.24931946396827698 -0.050877876579761505 0.5078669190406799 0.3172971308231354 -0.07532799243927002 0.4864932894706726 0.3201168179512024 -0.08938741683959961 0.40990281105041504 0.22118791937828064 -0.019289739429950714 0.4921017289161682 0.28267011046409607 -0.054205991327762604 0.47918838262557983 0.35908085107803345 -0.0628124475479126 0.45679545402526855 0.3472226560115814 -0.06412280350923538 0.3781053423881531 0.24959126114845276 -0.03399663046002388 0.4575255513191223 0.32223254442214966 -0.06468188017606735 0.4502165615558624 0.38314515352249146 -0.05835888907313347 0.4302513301372528 0.3693045973777771 -0.0502253919839859 0.35487595200538635 0.2944607138633728 -0.05242505297064781 0.42072153091430664 0.35749417543411255 -0.06726761907339096 0.4170917272567749 0.403670072555542 -0.06136148050427437 0.39817509055137634 0.39796799421310425 -0.05408265441656113
0.4191306233406067 0.5232433080673218 -3.220498285827489e-07 0.488594651222229 0.48521703481674194 -0.01956976018846035 0.5422489643096924 0.4133205711841583 -0.03860439360141754 0.5700938105583191 0.3646171987056732 -0.05914384499192238 0.5730144381523132 0.3358539044857025 -0.0742512047290802 0.47028490900993347 0.22864054143428802 -0.010472258552908897 0.5445801615715027 0.25144773721694946 -0.050209302455186844 0.5380523800849915 0.32103055715560913 -0.07691711187362671 0.5154227614402771 0.32937270402908325 -0.09298515319824219 0.4303099811077118 0.23308730125427246 -0.020607616752386093 0.5195982456207275 0.27980268001556396 -0.05524368956685066 0.5101006031036377 0.3559393882751465 -0.06513547152280807 0.48570773005485535 0.3556658625602722 -0.06836235523223877 0.3967685401439667 0.2641892433166504 -0.03639071434736252 0.4845730662345886 0.3189394176006317 -0.06769638508558273 0.4825172424316406 0.3863353729248047 -0.06123105064034462 0.4629831612110138 0.3848750591278076 -0.0531810037791729 0.37221193313598633 0.31272372603416443 -0.05518624186515808 0.4475821256637573 0.35537227988243103 -0.06951761245727539 0.45048752427101135 0.4062975347042084 -0.061073362827301025 0.4352327883243561 0.41007018089294434 -0.05259935185313225
0.6098199486732483 0.47904032468795776 7.684739955493569e-08 0.6366264224052429 0.40354210138320923 -0.001169415540061891 0.6893408298492432 0.32493892312049866 -0.01583370566368103 0.7481493949890137 0.2963998019695282 -0.03286123648285866 0.7974159717559814 0.2992415428161621 -0.047263506799936295 0.666912853717804 0.22969698905944824 -0.03158993646502495 0.7607836127281189 0.23961272835731506 -0.0596771314740181 0.7800125479698181 0.2737036347389221 -0.07430902868509293 0.7783699035644531 0.29648569226264954 -0.08234173059463501 0.6589418053627014 0.2693415880203247 -0.046985264867544174 0.7498086094856262 0.27816078066825867 -0.07210791856050491 0.7749961018562317 0.30999863147735596 -0.07869624346494675 0.783668041229248 0.33673280477523804 -0.08258429914712906 0.6578974723815918 0.32681307196617126 -0.06264295428991318 0.7401869893074036 0.329667866230011 -0.08324534446001053 0.770104169845581 0.35696184635162354 -0.08142106980085373 0.7831292152404785 0.37985488772392273 -0.07883746176958084 0.6631625890731812 0.3938751816749573 -0.0785849317908287 0.7315582633018494 0.3908733129501343 -0.0895475298166275 0.7637901306152344 0.4046500623226166 -0.08567596971988678 0.7843908667564392 0.41671109199523926 -0.08212855458259583
0.593318521976471 0.4886050820350647 -1.925088071175196e-07 0.629356861114502 0.41447144746780396 -0.010680980049073696 0.6913700699806213 0.3358268737792969 -0.03285348415374756 0.7604260444641113 0.3076721429824829 -0.05500147119164467 0.8081381916999817 0.3211580812931061 -0.07296236604452133 0.6679900288581848 0.22928756475448608 -0.048661794513463974 0.7908199429512024 0.25376373529434204 -0.08096158504486084 0.7760608196258545 0.3055620491504669 -0.097177654504776 0.7418558597564697 0.3107088804244995 -0.10847917199134827 0.6690146327018738 0.28018882870674133 -0.0635858103632927 0.7977402806282043 0.30114632844924927 -0.0902540534734726 0.7771828174591064 0.3447868824005127 -0.09103184193372726 0.744380533695221 0.349598228931427 -0.09334409236907959 0.6766869425773621 0.34738829731941223 -0.07897556573152542 0.795332670211792 0.3576246500015259 -0.09480804949998856 0.7748863697052002 0.39148035645484924 -0.07953916490077972 0.7439297437667847 0.39718806743621826 -0.07165567576885223 0.6866188049316406 0.42109787464141846 -0.09623537957668304 0.7771636247634888 0.421176016330719 -0.09765797108411789 0.7664062976837158 0.44290804862976074 -0.08265542984008789 0.7457895278930664 0.4485413730144501 -0.07458624988794327
0.537229061126709 0.4880506992340088 -4.647253035727772e-07 0.6259891986846924 0.48885059356689453 -0.0014142481377348304 0.6876543760299683 0.43138304352760315 -0.0023322233464568853 0.7078994512557983 0.3667060136795044 -0.003836303949356079 0.6966704726219177 0.31988784670829773 -0.004068469163030386 0.7309439778327942 0.3304102420806885 0.0031742535065859556 0.765893280506134 0.31241488456726074 -0.010846504010260105 0.7347463965415955 0.3389212489128113 -0.024162031710147858 0.7007107138633728 0.3663417398929596 -0.0322406180202961 0.703467607498169 0.2805885672569275 -0.0013929051347076893 0.7285224795341492 0.2648673951625824 -0.005176331382244825 0.70124751329422 0.2993650734424591 -0.007790916599333286 0.6777239441871643 0.333456426858902 -0.01108385156840086 0.6645413637161255 0.2513458728790283 -0.0070301140658557415 0.6941900849342346 0.23349353671073914 -0.012220281176269054 0.6724798679351807 0.26976150274276733 -0.006660357117652893 0.6492539644241333 0.3060648739337921 -0.004011437296867371 0.621461033821106 0.23724952340126038 -0.012812122702598572 0.6403083205223083 0.23020455241203308 -0.01823957823216915 0.6255736947059631 0.26747167110443115 -0.010207724757492542 0.6075413227081299 0.301826536655426 -0.0018836614908650517
0.48117777705192566 0.5205680131912231 -8.2744556095804e-08 0.5801429152488708 0.513995885848999 -0.048452865332365036 0.6531840562820435 0.46088534593582153 -0.08589157462120056 0.6972022652626038 0.4155060946941376 -0.1173831969499588 0.6971585154533386 0.35853803157806396 -0.14126352965831757 0.6017464995384216 0.2269805371761322 -0.08073988556861877 0.6864795684814453 0.31040364503860474 -0.13092780113220215 0.6620717644691467 0.36943984031677246 -0.15249359607696533 0.6332293748855591 0.3602278232574463 -0.16467107832431793 0.5511798858642578 0.23756137490272522 -0.08143226057291031 0.6475868225097656 0.36504510045051575 -0.12898965179920197 0.6134768724441528 0.4149343967437744 -0.13019396364688873 0.5851210951805115 0.3856147527694702 -0.13039176166057587 0.5060818195343018 0.28116557002067566 -0.08765775710344315 0.597249448299408 0.4035448431968689 -0.13106559216976166 0.5691725015640259 0.443014919757843 -0.11641063541173935 0.5451031923294067 0.41583865880966187 -0.10545884817838669 0.4672204852104187 0.3385375142097473 -0.09856703132390976 0.5413667559623718 0.4358034133911133 -0.12723809480667114 0.5192317366600037 0.4598466455936432 -0.12136517465114594 0.49262961745262146 0.4332849681377411 -0.11669070273637772
0.4710468053817749 0.5474787354469299 -3.746199013221485e-07 0.5536510944366455 0.5305514335632324 -0.02869889885187149 0.625249981880188 0.46797066926956177 -0.051813703030347824 0.669352114200592 0.4207141697406769 -0.07447441667318344 0.6659502983093262 0.38687777519226074 -0.09089575707912445 0.5851196050643921 0.24909380078315735 -0.02116970531642437 0.6514101624488831 0.29966995120048523 -0.06847190111875534 0.6317009329795837 0.36883631348609924 -0.10140126198530197 0.6041797399520874 0.3572385907173157 -0.12246646732091904 0.5374237298965454 0.2484665960073471 -0.029710883274674416 0.6093182563781738 0.33588841557502747 -0.07084199786186218 0.5928941369056702 0.4039457440376282 -0.08752220869064331 0.5689793229103088 0.38117077946662903 -0.0977189838886261 0.4944114089012146 0.27935296297073364 -0.044602181762456894 0.5690318942070007 0.3711242377758026 -0.08078747987747192 0.5580892562866211 0.429963082075119 -0.07680004090070724 0.5346143841743469 0.41127529740333557 -0.072234608232975 0.45997369289398193 0.32903337478637695 -0.06360094249248505 0.5304152965545654 0.4016609191894531 -0.0832434743642807 0.5224132537841797 0.4487041234970093 -0.07843169569969177 0.4997563362121582 0.44214293360710144 -0.07301143556833267
0.4431198537349701 0.5303683876991272 -2.8358036274767073e-07 0.5216065645217896 0.5109280943870544 -0.03552897647023201 0.5987480282783508 0.45052284002304077 -0.05939951911568642 0.6383137702941895 0.40313419699668884 -0.0808769166469574 0.6221427917480469 0.36951524019241333 -0.09669739007949829 0.5503326058387756 0.24049760401248932 -0.030571693554520607 0.5797092914581299 0.31840944290161133 -0.07888876646757126 0.5637056827545166 0.3893894553184509 -0.11082006245851517 0.5475146174430847 0.3827434480190277 -0.12995365262031555 0.4948843717575073 0.23175929486751556 -0.03472406417131424 0.5299303531646729 0.3428252637386322 -0.0749121904373169 0.5192610025405884 0.4116480350494385 -0.08941804617643356 0.5062664747238159 0.3945786654949188 -0.09724433720111847 0.4420022964477539 0.25520312786102295 -0.04552042484283447 0.4815294146537781 0.36505982279777527 -0.08102312684059143 0.4790034294128418 0.4220973551273346 -0.07538804411888123 0.4687731862068176 0.4031822681427002 -0.06932541728019714 0.396449476480484 0.2975345253944397 -0.06112437695264816 0.4358223080635071 0.38633763790130615 -0.0803779736161232 0.43882614374160767 0.43414539098739624 -0.07468297332525253 0.4318115711212158 0.42634859681129456 -0.06780114024877548
0.37167924642562866 0.5312646627426147 -3.5107854046145803e-07 0.4516052007675171 0.5158566236495972 -0.038828492164611816 0.5318356156349182 0.45231708884239197 -0.06343908607959747 0.5669370293617249 0.39381200075149536 -0.08469071239233017 0.5495115518569946 0.3471907079219818 -0.09981200844049454 0.4959763288497925 0.2412813901901245 -0.034859273582696915 0.5497435331344604 0.2726559638977051 -0.08644285798072815 0.5297552943229675 0.34355857968330383 -0.11936479806900024 0.5038028359413147 0.36272722482681274 -0.13831467926502228 0.44609519839286804 0.22536633908748627 -0.03975474089384079 0.5038410425186157 0.2712196707725525 -0.08625736832618713 0.4875423312187195 0.3465797007083893 -0.10166462510824203 0.4673134386539459 0.3629816770553589 -0.10714288800954819 0.3981189727783203 0.2426925003528595 -0.05191648378968239 0.45680880546569824 0.2928808033466339 -0.09359972178936005 0.4466244876384735 0.35996609926223755 -0.0875321701169014 0.429464727640152 0.37130206823349 -0.07800233364105225 0.35699039697647095 0.28642719984054565 -0.0688236877322197 0.41198408603668213 0.32577335834503174 -0.09400954097509384 0.412838876247406 0.38017669320106506 -0.08698363602161407 0.40477025508880615 0.39580976963043213 -0.0769578218460083
0.185764342546463 0.525814950466156 -3.7332964097913646e-07 0.2581940293312073 0.5059794187545776 -0.04837486147880554 0.33195000886917114 0.43128013610839844 -0.07663308829069138 0.3365214765071869 0.35787469148635864 -0.10258300602436066 0.2876702547073364 0.32361483573913574 -0.12555351853370667 0.2801901400089264 0.26173853874206543 -0.04019445925951004 0.2886669635772705 0.2014959454536438 -0.09798720479011536 0.29932165145874023 0.25614145398139954 -0.13385029137134552 0.3079438805580139 0.30932432413101196 -0.14920678734779358 0.2191639542579651 0.2628636956214905 -0.03961510211229324 0.22350849211215973 0.18921519815921783 -0.10173247754573822 0.239948108792305 0.282782644033432 -0.12405230849981308 0.2524639964103699 0.3475343883037567 -0.12502330541610718 0.16277655959129333 0.28364694118499756 -0.046553608030080795 0.16494762897491455 0.2244829386472702 -0.109376922249794 0.1888326108455658 0.32344257831573486 -0.10919561982154846 0.20480433106422424 0.387828528881073 -0.092193104326725 0.10838446766138077 0.3218494653701782 -0.05654704198241234 0.11776061356067657 0.27564966678619385 -0.09874843806028366 0.14401385188102722 0.34664374589920044 -0.09287343919277191 0.16107553243637085 0.39670437574386597 -0.07707605510950089
0.22779054939746857 0.5537750124931335 7.124071288444611e-08 0.3026142120361328 0.5147023797035217 -0.03310922160744667 0.3676592707633972 0.4427689015865326 -0.052825603634119034 0.3744979202747345 0.3789363205432892 -0.07225465774536133 0.32751381397247314 0.3683863878250122 -0.09065289050340652 0.3037737011909485 0.28422531485557556 -0.02395043522119522 0.3077700138092041 0.24193894863128662 -0.06458205729722977 0.3281213641166687 0.26811683177948 -0.09614639729261398 0.3471914529800415 0.29609933495521545 -0.11442206054925919 0.2502536475658417 0.28432372212409973 -0.02754141576588154 0.24951225519180298 0.24038393795490265 -0.06638536602258682 0.2755780518054962 0.28901565074920654 -0.08719417452812195 0.2963659465312958 0.32740914821624756 -0.09588982164859772 0.1986725926399231 0.30723249912261963 -0.036670323461294174 0.19892050325870514 0.2750716805458069 -0.07384894788265228 0.230316162109375 0.3266233205795288 -0.07765279710292816 0.2534031867980957 0.3614582419395447 -0.07357119023799896 0.15228107571601868 0.3509409725666046 -0.049049656838178635 0.1599079966545105 0.3251805305480957 -0.07405290752649307 0.1867997944355011 0.36453312635421753 -0.07073014229536057 0.2074587643146515 0.3946867883205414 -0.06336203217506409
0.26217663288116455 0.548557460308075 2.1939889904842858e-08 0.3351267874240875 0.5164430737495422 -0.02808128483593464 0.40167784690856934 0.448788583278656 -0.04863277077674866 0.40979981422424316 0.3831017315387726 -0.06818604469299316 0.3610525131225586 0.3685437738895416 -0.08549933135509491 0.32240158319473267 0.24914495646953583 -0.02290992997586727 0.35687950253486633 0.2542189359664917 -0.06071004271507263 0.37550362944602966 0.2914362847805023 -0.09055498987436295 0.38597166538238525 0.3151099979877472 -0.10853467881679535 0.27026689052581787 0.24557331204414368 -0.028477521613240242 0.31015893816947937 0.272352933883667 -0.05830201134085655 0.326657235622406 0.3235209584236145 -0.07636363059282303 0.3311380445957184 0.3418736457824707 -0.08702364563941956 0.22218981385231018 0.2759290635585785 -0.03857527673244476 0.2664904296398163 0.3184093236923218 -0.06663602590560913 0.2863204777240753 0.3688814640045166 -0.06864477694034576 0.29168611764907837 0.38238248229026794 -0.06773211061954498 0.18362149596214294 0.3305525481700897 -0.05236374959349632 0.2312336415052414 0.3655964434146881 -0.06934063136577606 0.2510819137096405 0.4090782403945923 -0.06528257578611374 0.25543972849845886 0.4246253967285156 -0.0599578320980072
0.29494932293891907 0.5468184947967529 9.807492062918755e-08 0.35547518730163574 0.5252233147621155 -0.028957374393939972 0.42016878724098206 0.45816320180892944 -0.04825686290860176 0.4453786611557007 0.3980862498283386 -0.06761922687292099 0.4121120870113373 0.3770849108695984 -0.08543098717927933 0.35638952255249023 0.2908962368965149 -0.02149367146193981 0.3745886981487274 0.2616204619407654 -0.06120307743549347 0.39835041761398315 0.28432032465934753 -0.08993708342313766 0.4177163243293762 0.30257949233055115 -0.10586733371019363 0.3070954382419586 0.28444820642471313 -0.026175502687692642 0.3263852894306183 0.2613159418106079 -0.0622018501162529 0.35562631487846375 0.31402987241744995 -0.07815375179052353 0.3704957962036133 0.33730313181877136 -0.08433530479669571 0.2569201588630676 0.3049626052379608 -0.03617672622203827 0.276767760515213 0.2923254370689392 -0.06990095227956772 0.3090985119342804 0.3537368178367615 -0.06572392582893372 0.3222847878932953 0.37952762842178345 -0.05771723762154579 0.21099066734313965 0.3468482792377472 -0.04960424080491066 0.23598338663578033 0.34523266553878784 -0.06989903002977371 0.2628714442253113 0.3896314203739166 -0.06204300746321678 0.27178919315338135 0.4096052050590515 -0.05253761261701584
0.31370803713798523 0.5509237051010132 -1.9998284983557824e-07 0.379641592502594 0.5228250026702881 -0.023642444983124733 0.44699570536613464 0.4528549313545227 -0.04365865886211395 0.4721965789794922 0.3872966170310974 -0.0646309107542038 0.4333673119544983 0.3549458086490631 -0.08111384510993958 0.37874937057495117 0.2590460777282715 -0.011557137593626976 0.41715747117996216 0.26322510838508606 -0.0517360083758831 0.43245449662208557 0.2976982593536377 -0.07652267813682556 0.43454664945602417 0.3067764639854431 -0.08934440463781357 0.3282879889011383 0.24786461889743805 -0.018458973616361618 0.3730006515979767 0.2878546416759491 -0.053413115441799164 0.3816218674182892 0.36457157135009766 -0.06364830583333969 0.3719947636127472 0.36583229899406433 -0.06525302678346634 0.28226369619369507 0.2702646851539612 -0.031132422387599945 0.3310789167881012 0.3249373137950897 -0.06364884972572327 0.3416595160961151 0.39400577545166016 -0.055628784000873566 0.3294820189476013 0.39255696535110474 -0.04555383697152138 0.24102842807769775 0.31342512369155884 -0.047474220395088196 0.2861679792404175 0.37432146072387695 -0.06531643122434616 0.29728251695632935 0.4233139157295227 -0.05869278311729431 0.2850906252861023 0.4205508828163147 -0.05008607357740402
0.3312453031539917 0.5527544617652893 -2.9056249672976264e-07 0.3969835340976715 0.5260112285614014 -0.025030197575688362 0.4649588465690613 0.45267271995544434 -0.04548419266939163 0.4941485524177551 0.3849169909954071 -0.06674201041460037 0.4564729630947113 0.35138657689094543 -0.08242439478635788 0.4011458158493042 0.2580823302268982 -0.011007278226315975 0.44291600584983826 0.26641446352005005 -0.05414409562945366 0.45225217938423157 0.31702086329460144 -0.07957805693149567 0.44844767451286316 0.3255079686641693 -0.09223835915327072 0.3515610992908478 0.24695155024528503 -0.017912335693836212 0.3989996314048767 0.2901158928871155 -0.055539850145578384 0.40291890501976013 0.37184813618659973 -0.06503012031316757 0.38993358612060547 0.3679715692996979 -0.06527397036552429 0.30574169754981995 0.26784321665763855 -0.031330954283475876 0.3559269607067108 0.32529139518737793 -0.0656047910451889 0.36255863308906555 0.39842167496681213 -0.05653136596083641 0.3469088077545166 0.3942641317844391 -0.0451018325984478 0.2645097076892853 0.3089474141597748 -0.04873669520020485 0.3117843270301819 0.37467318773269653 -0.06726668775081635 0.3199712634086609 0.42676645517349243 -0.06099069118499756 0.30543243885040283 0.4229564964771271 -0.05218959599733353
0.3581327199935913 0.5500324368476868 -1.34745647528689e-07 0.4183359146118164 0.5199496746063232 -0.02290836162865162 0.47987475991249084 0.4572871923446655 -0.04677359387278557 0.5129754543304443 0.39580219984054565 -0.07228043675422668 0.48432403802871704 0.35515096783638 -0.09314679354429245 0.4167633354663849 0.25539448857307434 -0.014223692007362843 0.45930734276771545 0.2632235884666443 -0.05371193215250969 0.47725337743759155 0.2978519797325134 -0.07587333023548126 0.4788118600845337 0.3071713447570801 -0.08656571060419083 0.3682003617286682 0.2450016438961029 -0.021991273388266563 0.4246867001056671 0.29480502009391785 -0.05411054566502571 0.4298762083053589 0.3746356666088104 -0.060237985104322433 0.4153883755207062 0.36816278100013733 -0.05971572548151016 0.32436275482177734 0.26620224118232727 -0.03542036563158035 0.3843364417552948 0.33035194873809814 -0.06621512770652771 0.38858187198638916 0.3993292450904846 -0.056141458451747894 0.3699935972690582 0.3930477499961853 -0.04541817680001259 0.2846878170967102 0.3082548975944519 -0.05248210206627846 0.3376644551753998 0.3708674907684326 -0.06972631812095642 0.34429582953453064 0.4214777946472168 -0.06197170168161392 0.3264535367488861 0.41942861676216125 -0.05267404019832611
0.3582628667354584 0.5549169778823853 -5.137004563948722e-07 0.4282817840576172 0.5223227739334106 -0.025279607623815536 0.4977896809577942 0.45145049691200256 -0.04863604158163071 0.5309288501739502 0.3838927447795868 -0.07321003824472427 0.4925653338432312 0.35229501128196716 -0.0904364213347435 0.4394117593765259 0.24373620748519897 -0.012129703536629677 0.49296122789382935 0.27119946479797363 -0.054085664451122284 0.48920270800590515 0.3478142321109772 -0.07362399250268936 0.46916869282722473 0.3596748411655426 -0.08241141587495804 0.38768982887268066 0.23389169573783875 -0.020864902064204216 0.45255163311958313 0.3109222650527954 -0.056498125195503235 0.4419099986553192 0.40601789951324463 -0.06102820858359337 0.4170458912849426 0.3838047981262207 -0.05774097517132759 0.34267500042915344 0.2587983310222626 -0.0361461378633976 0.40743231773376465 0.3477167785167694 -0.06980568170547485 0.40071356296539307 0.4225606918334961 -0.05885403975844383 0.3761589229106903 0.39847466349601746 -0.04642582684755325 0.3014553189277649 0.30166396498680115 -0.05526534467935562 0.35509368777275085 0.37824547290802 -0.0732841044664383 0.3566848635673523 0.4325159192085266 -0.06467635184526443 0.33725252747535706 0.4200952351093292 -0.05366665869951248
0.36228764057159424 0.554104208946228 -4.795693939740886e-07 0.4352811276912689 0.5164466500282288 -0.024198070168495178 0.5042437314987183 0.44545912742614746 -0.04677155613899231 0.5330791473388672 0.37886565923690796 -0.07097781449556351 0.49257194995880127 0.3475874960422516 -0.0886932834982872 0.44870293140411377 0.23816031217575073 -0.01189841516315937 0.509121298789978 0.26960039138793945 -0.05407966673374176 0.5009596347808838 0.3487200140953064 -0.07689747214317322 0.4775540232658386 0.3527025282382965 -0.08932022005319595 0.3962157368659973 0.22882185876369476 -0.021557917818427086 0.4659495949745178 0.30565571784973145 -0.05626653507351875 0.45319369435310364 0.39931046962738037 -0.06295257806777954 0.4289585053920746 0.37354111671447754 -0.06276596337556839 0.3502444922924042 0.2537929117679596 -0.03740227222442627 0.41730138659477234 0.34556373953819275 -0.07082299888134003 0.40972018241882324 0.42035409808158875 -0.06200019642710686 0.38513678312301636 0.39501968026161194 -0.05189461633563042 0.3094303011894226 0.2960813641548157 -0.05686116963624954 0.36427924036979675 0.3757777512073517 -0.07518356293439865 0.3642105162143707 0.4297983646392822 -0.06772881001234055 0.34345099329948425 0.41687315702438354 -0.05833503231406212
0.3673592209815979 0.5528333187103271 -4.5937360937386984e-07 0.44085463881492615 0.5124531388282776 -0.023541389033198357 0.5095100998878479 0.4423121213912964 -0.04692617431282997 0.5380713939666748 0.37603941559791565 -0.07213973999023438 0.4964093863964081 0.3437512516975403 -0.09109213203191757 0.45330920815467834 0.23627562820911407 -0.01302944403141737 0.512316107749939 0.26735806465148926 -0.05553469806909561 0.5036367774009705 0.34609636664390564 -0.07900936156511307 0.4791334271430969 0.3482722043991089 -0.09203112125396729 0.40026918053627014 0.227921262383461 -0.023721951991319656 0.4705515205860138 0.3012419641017914 -0.05883060023188591 0.4574955701828003 0.39466309547424316 -0.06603949517011642 0.4313535988330841 0.3694494068622589 -0.06632435321807861 0.3534819483757019 0.25337475538253784 -0.040330518037080765 0.4220423698425293 0.33731767535209656 -0.07458838820457458 0.41468489170074463 0.4140394330024719 -0.06580515205860138 0.38828518986701965 0.3909684717655182 -0.05557587742805481 0.31176894903182983 0.29671618342399597 -0.06034211814403534 0.3692837655544281 0.3706305921077728 -0.07985354214906693 0.3702811598777771 0.42546626925468445 -0.07202304899692535 0.3494530916213989 0.41408494114875793 -0.06208191439509392
0.37069135904312134 0.5535941123962402 -4.800247097591637e-07 0.44556936621665955 0.5137269496917725 -0.022784339264035225 0.5127221345901489 0.4447510540485382 -0.044805124402046204 0.5427218079566956 0.3821876645088196 -0.0686592161655426 0.5055806040763855 0.34687018394470215 -0.08620554208755493 0.45415323972702026 0.23502279818058014 -0.011073090136051178 0.5152060985565186 0.26854902505874634 -0.05278835445642471 0.5072598457336426 0.3469814360141754 -0.07681763917207718 0.4845777153968811 0.3502759635448456 -0.09036099910736084 0.40337273478507996 0.22781026363372803 -0.021556027233600616 0.4752419590950012 0.30473795533180237 -0.056021951138973236 0.46232858300209045 0.3962058126926422 -0.06459491699934006 0.43763095140457153 0.3739514946937561 -0.06625505536794662 0.3583555519580841 0.2543814182281494 -0.03784982115030289 0.42738574743270874 0.3411146402359009 -0.07116878777742386 0.419385701417923 0.4174323081970215 -0.06350386887788773 0.39498141407966614 0.396094411611557 -0.05431583523750305 0.3188413083553314 0.29883283376693726 -0.05750567093491554 0.37574902176856995 0.37328067421913147 -0.07569506764411926 0.3747835159301758 0.42795059084892273 -0.06794299185276031 0.35411742329597473 0.41779130697250366 -0.058410823345184326
0.37239643931388855 0.5513168573379517 -4.710576320121618e-07 0.44781267642974854 0.5127792954444885 -0.024892698973417282 0.5144644379615784 0.44589823484420776 -0.0485280379652977 0.5448841452598572 0.3844170868396759 -0.07370531558990479 0.5094928741455078 0.34667840600013733 -0.09247875958681107 0.46054863929748535 0.2346871793270111 -0.012822536751627922 0.5212439298629761 0.26971128582954407 -0.055329058319330215 0.5118017792701721 0.3471128046512604 -0.07994592934846878 0.4883444011211395 0.34998002648353577 -0.0941309928894043 0.4092257618904114 0.22742412984371185 -0.022773142904043198 0.4807576835155487 0.3049575984477997 -0.05837230756878853 0.4679020047187805 0.39471206068992615 -0.06739947199821472 0.4438663125038147 0.3726893365383148 -0.06937795877456665 0.36333712935447693 0.25349923968315125 -0.03883446753025055 0.4320332705974579 0.341354638338089 -0.07312282919883728 0.4239886701107025 0.4161691665649414 -0.06583729386329651 0.3996189832687378 0.3947260081768036 -0.056844066828489304 0.3232429623603821 0.2971399426460266 -0.058463238179683685 0.38067570328712463 0.3720150589942932 -0.07804841548204422 0.37972787022590637 0.42627644538879395 -0.07120058685541153 0.35885974764823914 0.4155522584915161 -0.06216386333107948
0.3768312633037567 0.5531013011932373 -4.623893232746923e-07 0.45172807574272156 0.5125440955162048 -0.02307250164449215 0.5175647139549255 0.44444698095321655 -0.046774040907621384 0.5481581091880798 0.38171258568763733 -0.07241365313529968 0.5103602409362793 0.3466154634952545 -0.0915263444185257 0.46253228187561035 0.23580121994018555 -0.011480269953608513 0.5188404321670532 0.2678866982460022 -0.05521279200911522 0.5127803087234497 0.3446025550365448 -0.07987147569656372 0.49104928970336914 0.3485276997089386 -0.09333114326000214 0.4111989140510559 0.22939532995224 -0.022342870011925697 0.48028817772865295 0.30327296257019043 -0.05874789506196976 0.4692190885543823 0.39469286799430847 -0.06699839979410172 0.4447464346885681 0.3718600571155548 -0.0678785964846611 0.3658767342567444 0.25603029131889343 -0.03935115039348602 0.4335067868232727 0.3413105905056 -0.07416655123233795 0.42724642157554626 0.4159391224384308 -0.06598058342933655 0.4020770192146301 0.39319390058517456 -0.05604715272784233 0.3269902467727661 0.30068060755729675 -0.059756066650152206 0.3839854598045349 0.3741838335990906 -0.07892070710659027 0.38301679491996765 0.42750856280326843 -0.07122156023979187 0.36056914925575256 0.4156246781349182 -0.06150965392589569
0.38891515135765076 0.5492533445358276 -4.129242086037266e-07 0.46232011914253235 0.5066782236099243 -0.023441584780812263 0.5257431864738464 0.43976637721061707 -0.04750062897801399 0.5532277822494507 0.38073399662971497 -0.07341990619897842 0.5168027281761169 0.34829890727996826 -0.09311642497777939 0.4621581733226776 0.23070521652698517 -0.013416114263236523 0.5217543840408325 0.2627502381801605 -0.0560593344271183 0.5181941986083984 0.335288941860199 -0.07996581494808197 0.5007839202880859 0.34189942479133606 -0.09236074984073639 0.4127199947834015 0.22692155838012695 -0.02307448908686638 0.4869859516620636 0.3074248731136322 -0.056079965084791183 0.4732222259044647 0.3933974802494049 -0.06253954768180847 0.4493722915649414 0.3717010021209717 -0.06302529573440552 0.36984753608703613 0.2562684714794159 -0.03883256018161774 0.44353488087654114 0.34420332312583923 -0.07072410732507706 0.43512627482414246 0.4133062958717346 -0.062037043273448944 0.4122464954853058 0.392996221780777 -0.05258474126458168 0.33341169357299805 0.3047941327095032 -0.058109357953071594 0.3940288722515106 0.37431246042251587 -0.07532565295696259 0.3920433223247528 0.4265044629573822 -0.06672728806734085 0.3715367615222931 0.4190171957015991 -0.056730691343545914
0.3924134075641632 0.5465723276138306 -4.900237513538741e-07 0.4689140021800995 0.5043745040893555 -0.0191610399633646 0.5345862507820129 0.43027442693710327 -0.039064351469278336 0.5640952587127686 0.3687796890735626 -0.061041463166475296 0.5277111530303955 0.33992236852645874 -0.07706476747989655 0.46845880150794983 0.224811390042305 -0.009328258223831654 0.5372498035430908 0.25914081931114197 -0.050409723073244095 0.528812050819397 0.33625897765159607 -0.0753549113869667 0.50426185131073 0.3372633159160614 -0.09021533280611038 0.4198013246059418 0.22313326597213745 -0.021662700921297073 0.5020837187767029 0.2961157560348511 -0.05506572872400284 0.48870065808296204 0.38448452949523926 -0.06397169828414917 0.46246474981307983 0.3653542995452881 -0.06684643030166626 0.37735143303871155 0.25403448939323425 -0.039457108825445175 0.4569011628627777 0.3363335132598877 -0.07108040153980255 0.4484313130378723 0.4094166159629822 -0.06399859488010406 0.42335790395736694 0.3895217478275299 -0.056206922978162766 0.3419782817363739 0.30272626876831055 -0.0603884719312191 0.4075849652290344 0.3723331093788147 -0.07650011777877808 0.404799222946167 0.4263722002506256 -0.06847231835126877 0.3824668526649475 0.41797295212745667 -0.05985322222113609
0.3925835192203522 0.5441247224807739 -4.833487423638871e-07 0.47225308418273926 0.5025205612182617 -0.021953780204057693 0.5375877618789673 0.4328836500644684 -0.04375944659113884 0.5673749446868896 0.37228715419769287 -0.06722535938024521 0.5333852171897888 0.3341250419616699 -0.08454246073961258 0.47264647483825684 0.22371920943260193 -0.01220616977661848 0.5425427556037903 0.25726768374443054 -0.05386888235807419 0.5330882668495178 0.3336462080478668 -0.07970394194126129 0.5103545784950256 0.3374670147895813 -0.09510258585214615 0.42608290910720825 0.22281663119792938 -0.023108238354325294 0.509054958820343 0.29380425810813904 -0.056763339787721634 0.49453413486480713 0.37908607721328735 -0.06595800071954727 0.47016000747680664 0.365479975938797 -0.06907498836517334 0.38498637080192566 0.2539657652378082 -0.03969309478998184 0.46504199504852295 0.3342473804950714 -0.07016726583242416 0.4555482566356659 0.4043712019920349 -0.06283155083656311 0.43204736709594727 0.389405757188797 -0.05511302500963211 0.35128167271614075 0.30365926027297974 -0.05987291783094406 0.41767430305480957 0.3724156320095062 -0.07521208375692368 0.4130231440067291 0.42374318838119507 -0.06770195811986923 0.3905152380466461 0.4171307384967804 -0.05954792723059654
0.40371865034103394 0.5343347787857056 -4.0527405076318246e-07 0.4810277223587036 0.4925631880760193 -0.026446398347616196 0.5433754324913025 0.42654481530189514 -0.05065107345581055 0.575774610042572 0.3704410493373871 -0.07551553845405579 0.5512337684631348 0.3288217782974243 -0.09391014277935028 0.47515326738357544 0.2163166105747223 -0.019185813143849373 0.5526784062385559 0.25622546672821045 -0.062493618577718735 0.5383095145225525 0.3292570412158966 -0.08997007459402084 0.5133062601089478 0.33109936118125916 -0.10685949772596359 0.42929673194885254 0.21931295096874237 -0.028196105733513832 0.5204376578330994 0.2941294312477112 -0.06473181396722794 0.5004792213439941 0.3724510669708252 -0.07489245384931564 0.47498780488967896 0.36134541034698486 -0.07908551394939423 0.3909587562084198 0.25315505266189575 -0.043229617178440094 0.479326069355011 0.3344549536705017 -0.07425933331251144 0.46601602435112 0.3975437879562378 -0.06764808297157288 0.4430413246154785 0.38501620292663574 -0.06106003746390343 0.3615529537200928 0.3059583306312561 -0.06239212676882744 0.434935599565506 0.3733014166355133 -0.07832862436771393 0.42758139967918396 0.42070794105529785 -0.0725894495844841 0.40531861782073975 0.4148024022579193 -0.06627985090017319
0.4051394462585449 0.5319153666496277 -3.608415681810584e-07 0.4901444911956787 0.4875628650188446 -0.03045671433210373 0.5543325543403625 0.4172554016113281 -0.05498797073960304 0.5874311923980713 0.3597867488861084 -0.07902842015028 0.5619233846664429 0.32704856991767883 -0.09681978076696396 0.4667105972766876 0.21042676270008087 -0.021282948553562164 0.5537071824073792 0.2528894543647766 -0.06428001075983047 0.539737343788147 0.3217359781265259 -0.09285388141870499 0.5130431652069092 0.31835660338401794 -0.11098351329565048 0.42422881722450256 0.22422993183135986 -0.027891313657164574 0.5258787870407104 0.29638099670410156 -0.06637852638959885 0.5058251023292542 0.36891064047813416 -0.0787491649389267 0.478823184967041 0.3574298620223999 -0.08434230834245682 0.3918948769569397 0.26582497358322144 -0.04054491966962814 0.49056312441825867 0.3397539258003235 -0.07327473163604736 0.4773704707622528 0.39826324582099915 -0.06876472383737564 0.45426154136657715 0.3873975872993469 -0.06280708312988281 0.3706425130367279 0.3232448995113373 -0.05754251778125763 0.4542461931705475 0.37909501791000366 -0.07437390089035034 0.4452360272407532 0.42252859473228455 -0.06999731808900833 0.4211677312850952 0.42014697194099426 -0.06439052522182465
0.4150417447090149 0.5385265350341797 -3.751152348741016e-07 0.4944843649864197 0.4966137409210205 -0.03209320083260536 0.5539994239807129 0.4242645800113678 -0.05706794187426567 0.5884063243865967 0.3672887682914734 -0.08134523779153824 0.5796234607696533 0.3215469717979431 -0.09830359369516373 0.4741328954696655 0.21731452643871307 -0.02191619947552681 0.5661624073982239 0.24852320551872253 -0.06604339182376862 0.5523402094841003 0.3188401460647583 -0.0941777154803276 0.5244207978248596 0.32272279262542725 -0.11172051727771759 0.4346434473991394 0.22673270106315613 -0.02775280363857746 0.5427947044372559 0.2866792678833008 -0.06746678054332733 0.5230363011360168 0.36228781938552856 -0.07858078181743622 0.4960230886936188 0.35567063093185425 -0.08274652808904648 0.40540868043899536 0.2652030885219574 -0.04028378427028656 0.507638156414032 0.33448538184165955 -0.07306627184152603 0.4934057295322418 0.3952368497848511 -0.06747684627771378 0.46982577443122864 0.38575538992881775 -0.06109337508678436 0.3862934112548828 0.32082921266555786 -0.057521309703588486 0.4705839455127716 0.3802119791507721 -0.07464917004108429 0.4608164429664612 0.423168420791626 -0.07166212797164917 0.43629029393196106 0.4170287847518921 -0.06750138103961945
0.42498093843460083 0.5433608293533325 -3.195308408976416e-07 0.5028122067451477 0.4970895051956177 -0.029779883101582527 0.5570412874221802 0.4273214042186737 -0.05554204806685448 0.5911614298820496 0.3736920654773712 -0.08103718608617783 0.598447859287262 0.32252374291419983 -0.09900092333555222 0.4755029082298279 0.21766658127307892 -0.020432056859135628 0.5766207575798035 0.25161004066467285 -0.062430426478385925 0.5597397685050964 0.3194628655910492 -0.09006508439779282 0.527428388595581 0.32083284854888916 -0.10838738828897476 0.44182896614074707 0.22896260023117065 -0.027949418872594833 0.5604415535926819 0.2799361050128937 -0.06626177579164505 0.5370281934738159 0.3519951403141022 -0.07584086805582047 0.5064913630485535 0.3509027063846588 -0.07959537953138351 0.4176825284957886 0.2686029076576233 -0.04189429059624672 0.5279272794723511 0.3238270878791809 -0.07257867604494095 0.5109812617301941 0.38568201661109924 -0.06495390832424164 0.48549702763557434 0.38334131240844727 -0.057953279465436935 0.40425753593444824 0.3263632357120514 -0.060582131147384644 0.4926092326641083 0.3738032281398773 -0.07685025781393051 0.48184460401535034 0.4164557158946991 -0.07301691919565201 0.4566870331764221 0.4128762483596802 -0.06883958727121353
0.42529016733169556 0.5391151309013367 -4.0579203641755157e-07 0.5112877488136292 0.4928608536720276 -0.025928273797035217 0.5682908892631531 0.4210897386074066 -0.04876334220170975 0.6021516919136047 0.36527448892593384 -0.07264958322048187 0.5996655821800232 0.3156284987926483 -0.0888439416885376 0.4887875020503998 0.21408845484256744 -0.011315952055156231 0.5821061730384827 0.24692006409168243 -0.053771987557411194 0.5661277770996094 0.31709322333335876 -0.08069007843732834 0.5365368127822876 0.31767338514328003 -0.0979318916797638 0.45387595891952515 0.2223217785358429 -0.02086741290986538 0.5648749470710754 0.2776976525783539 -0.06042437627911568 0.543873131275177 0.3558870553970337 -0.07010836154222488 0.5168113112449646 0.35042670369148254 -0.07249170541763306 0.4281882643699646 0.2587360739707947 -0.037251945585012436 0.5314099192619324 0.3252616226673126 -0.06964574754238129 0.5159415006637573 0.389984667301178 -0.06255920231342316 0.4921111464500427 0.38125818967819214 -0.0548885203897953 0.4133230447769165 0.3132970333099365 -0.05814311280846596 0.49514755606651306 0.37490957975387573 -0.07498947530984879 0.48328348994255066 0.42077335715293884 -0.07165198773145676 0.4592188596725464 0.4128764271736145 -0.06730512529611588
0.434019535779953 0.5417597889900208 -3.7685245501961617e-07 0.5159987807273865 0.49178820848464966 -0.025746215134859085 0.5683756470680237 0.4169492721557617 -0.048337146639823914 0.5992714166641235 0.36211246252059937 -0.07131728529930115 0.6063544154167175 0.3154223561286926 -0.08669409155845642 0.48646387457847595 0.21412113308906555 -0.01916479505598545 0.5855632424354553 0.2462984025478363 -0.061045870184898376 0.5671020746231079 0.3163970112800598 -0.08640036731958389 0.5360350012779236 0.3166014850139618 -0.10308169573545456 0.45205485820770264 0.22608597576618195 -0.028056029230356216 0.5689100623130798 0.2837647795677185 -0.06762038171291351 0.5431459546089172 0.3564640283584595 -0.07604748010635376 0.5130857825279236 0.3508889079093933 -0.07883404195308685 0.4285288155078888 0.2678475081920624 -0.043204084038734436 0.5398837327957153 0.3362097442150116 -0.07503556460142136 0.5200112462043762 0.39677250385284424 -0.06824292242527008 0.49321117997169495 0.38986122608184814 -0.06187012791633606 0.41635093092918396 0.3267482817173004 -0.06271564960479736 0.5084511637687683 0.38577884435653687 -0.08013235777616501 0.49290549755096436 0.4276427626609802 -0.07849904894828796 0.46525856852531433 0.4214235544204712 -0.07615204900503159
0.4390874207019806 0.5525362491607666 -4.4171258650749223e-07 0.5216792821884155 0.4998730719089508 -0.021495362743735313 0.5716025829315186 0.4239993393421173 -0.042524464428424835 0.601011335849762 0.3696032762527466 -0.06454861909151077 0.6146464943885803 0.3261304795742035 -0.07929921895265579 0.49305489659309387 0.22358836233615875 -0.016452161595225334 0.5902056097984314 0.2425333708524704 -0.05597405508160591 0.5783354043960571 0.31768786907196045 -0.07987084984779358 0.5494116544723511 0.3285588324069977 -0.0956323891878128 0.45999085903167725 0.23672226071357727 -0.02700601890683174 0.5736430287361145 0.27811771631240845 -0.06505674868822098 0.5557847023010254 0.3575563132762909 -0.07347791641950607 0.5264214277267456 0.3629991412162781 -0.07567014545202255 0.43803590536117554 0.2776155471801758 -0.04310377314686775 0.5464142560958862 0.3345528841018677 -0.0734277218580246 0.5339233875274658 0.4009365141391754 -0.06673242896795273 0.5086001753807068 0.40088802576065063 -0.060016900300979614 0.42812734842300415 0.33606231212615967 -0.06302813440561295 0.5151805281639099 0.393125057220459 -0.07844334095716476 0.5053153038024902 0.43929922580718994 -0.0758926197886467 0.4812532067298889 0.4353383183479309 -0.07278097420930862
0.4344646632671356 0.552603006362915 -4.3433982455098885e-07 0.526141881942749 0.49725133180618286 -0.01452252920717001 0.5766656994819641 0.41564053297042847 -0.03058204986155033 0.6062609553337097 0.36153313517570496 -0.04891093075275421 0.6108411550521851 0.32248368859291077 -0.05996661260724068 0.4916996657848358 0.221557155251503 -0.006551472470164299 0.5904906988143921 0.240553081035614 -0.04228655993938446 0.5789983868598938 0.31083932518959045 -0.0629209652543068 0.550613522529602 0.3205556273460388 -0.07688169181346893 0.46240323781967163 0.23421059548854828 -0.01949484832584858 0.5803285241127014 0.27577483654022217 -0.05475331097841263 0.5603472590446472 0.3501848876476288 -0.06116962805390358 0.5311369299888611 0.3521612882614136 -0.062390416860580444 0.4452473819255829 0.2752733826637268 -0.037801556289196014 0.558678388595581 0.3337286710739136 -0.06523004174232483 0.539970338344574 0.3964940309524536 -0.05795576423406601 0.5116258859634399 0.3921101987361908 -0.05191139504313469 0.440399169921875 0.3332201838493347 -0.05967358127236366 0.5298365950584412 0.3933582901954651 -0.07497188448905945 0.5138601064682007 0.43746888637542725 -0.07402025163173676 0.4864438772201538 0.4293290376663208 -0.07276859134435654
0.4310755431652069 0.5497179627418518 -3.6118245816396666e-07 0.5313466191291809 0.47950515151023865 -0.007333571091294289 0.5837528109550476 0.392859548330307 -0.021676428616046906 0.6136502027511597 0.33639949560165405 -0.0389573872089386 0.6006049513816833 0.322589635848999 -0.04989510402083397 0.47971850633621216 0.22407785058021545 -0.010852135717868805 0.5845685005187988 0.23922096192836761 -0.04346134513616562 0.5737754702568054 0.30798429250717163 -0.0613037571310997 0.5441075563430786 0.314660906791687 -0.07456345856189728 0.4529404938220978 0.24343058466911316 -0.026331055909395218 0.576911985874176 0.2796286642551422 -0.060598742216825485 0.5586523413658142 0.3512810468673706 -0.06516924500465393 0.5295774340629578 0.352263867855072 -0.06634729355573654 0.4420306086540222 0.28848588466644287 -0.045258790254592896 0.5629004240036011 0.3445816934108734 -0.07029230147600174 0.5443976521492004 0.4026947021484375 -0.06179378554224968 0.514788031578064 0.3978576064109802 -0.05627565085887909 0.445675790309906 0.3461362421512604 -0.06705701351165771 0.540863573551178 0.4048832058906555 -0.07948347181081772 0.5244749188423157 0.4477440416812897 -0.07763058692216873 0.4964653551578522 0.44022905826568604 -0.07743021845817566
0.4241168200969696 0.5436147451400757 -3.4644341440071e-07 0.5297227501869202 0.4671657085418701 -0.004697691649198532 0.5807979702949524 0.37525278329849243 -0.016984526067972183 0.6093319654464722 0.31984663009643555 -0.03188064321875572 0.5986703038215637 0.31665268540382385 -0.04067138582468033 0.4786250591278076 0.21917612850666046 -0.013057817704975605 0.5836908221244812 0.23383808135986328 -0.041615135967731476 0.5751228332519531 0.30002617835998535 -0.055717770010232925 0.54530930519104 0.31196707487106323 -0.06673569977283478 0.4535137712955475 0.24465453624725342 -0.02902084030210972 0.5764451026916504 0.280346155166626 -0.05796437710523605 0.5623124241828918 0.3460588753223419 -0.060705479234457016 0.533341646194458 0.3480782210826874 -0.06208815798163414 0.4449513256549835 0.29510724544525146 -0.047620777040719986 0.5662717223167419 0.34702515602111816 -0.06833640486001968 0.5507457256317139 0.4020155370235443 -0.060299672186374664 0.5208932757377625 0.39817437529563904 -0.05649084225296974 0.45146942138671875 0.35698485374450684 -0.06877236813306808 0.5469863414764404 0.4147835373878479 -0.0796879455447197 0.5337627530097961 0.4562404751777649 -0.0789211168885231 0.5073786973953247 0.44925934076309204 -0.08004705607891083
0.41990554332733154 0.5511572957038879 -3.682075373490079e-07 0.5287340879440308 0.47754672169685364 -0.005015347618609667 0.5803717374801636 0.38908883929252625 -0.01785237155854702 0.6094483137130737 0.33320072293281555 -0.03358670324087143 0.6056001782417297 0.321703165769577 -0.042623747140169144 0.4770646095275879 0.2256225049495697 -0.011630387976765633 0.5832469463348389 0.24418866634368896 -0.0407097190618515 0.5711022615432739 0.30733972787857056 -0.054760802537202835 0.5408389568328857 0.31657692790031433 -0.06589385867118835 0.4538223147392273 0.24855172634124756 -0.027928974479436874 0.5795907378196716 0.28510570526123047 -0.05776799097657204 0.5618739724159241 0.3480234146118164 -0.05964620038866997 0.5322055220603943 0.3497811555862427 -0.060275252908468246 0.4465126693248749 0.29669904708862305 -0.047300077974796295 0.5704328417778015 0.34951144456863403 -0.06855791807174683 0.5525462031364441 0.4039344787597656 -0.059119511395692825 0.5216414928436279 0.40072962641716003 -0.054371967911720276 0.45364540815353394 0.35844627022743225 -0.0694802775979042 0.5503873229026794 0.41809552907943726 -0.08068884164094925 0.5338625311851501 0.45977783203125 -0.07957924157381058 0.504621148109436 0.45220375061035156 -0.08060378581285477
0.42145830392837524 0.5458852648735046 -3.3492125339762424e-07 0.5317681431770325 0.4747558832168579 -0.008710701018571854 0.5909861326217651 0.3833058178424835 -0.022877641022205353 0.6219257116317749 0.32968392968177795 -0.03942371904850006 0.6062988638877869 0.3334737718105316 -0.049537356942892075 0.48219844698905945 0.2231408655643463 -0.013072999194264412 0.5863833427429199 0.2451789230108261 -0.04454717040061951 0.5722334980964661 0.30617401003837585 -0.06210850179195404 0.5415154695510864 0.3114926815032959 -0.07555804401636124 0.45804986357688904 0.24703504145145416 -0.028332646936178207 0.583325207233429 0.28895241022109985 -0.06070621684193611 0.5640599727630615 0.34758347272872925 -0.06545307487249374 0.5344264507293701 0.345963716506958 -0.06785841286182404 0.4494611322879791 0.2955060601234436 -0.04719441384077072 0.5738306641578674 0.35022860765457153 -0.0712563693523407 0.5531002879142761 0.4000123143196106 -0.06528887152671814 0.5224528312683105 0.3942723870277405 -0.06224599853157997 0.4568014144897461 0.3573930263519287 -0.06904304027557373 0.5549756288528442 0.4157923758029938 -0.08169682323932648 0.5353806018829346 0.4537205994129181 -0.08264234662055969 0.505258321762085 0.44703540205955505 -0.08500420302152634
0.4287685453891754 0.5332998037338257 -2.933851988018432e-07 0.5270907878875732 0.4595627784729004 -0.009745997376739979 0.5870839357376099 0.37123653292655945 -0.02518157660961151 0.6231710314750671 0.32276660203933716 -0.04258062690496445 0.6225172281265259 0.3341403603553772 -0.05403127893805504 0.4901425838470459 0.21859683096408844 -0.018482744693756104 0.5971513986587524 0.24069154262542725 -0.04769489914178848 0.5865870714187622 0.30004847049713135 -0.06416099518537521 0.5576740503311157 0.3112387955188751 -0.07678724825382233 0.4723769426345825 0.25417250394821167 -0.03235679119825363 0.5965767502784729 0.298284113407135 -0.060330621898174286 0.5793967247009277 0.3487812280654907 -0.06381253898143768 0.5516403317451477 0.34945082664489746 -0.06661294400691986 0.4688393175601959 0.3110891580581665 -0.04915320500731468 0.5921756029129028 0.36391761898994446 -0.07013393938541412 0.5708936452865601 0.403209924697876 -0.06388549506664276 0.5415725708007812 0.39819878339767456 -0.06093636155128479 0.47929465770721436 0.3784995675086975 -0.06866533309221268 0.5750162601470947 0.42819449305534363 -0.07968492805957794 0.5533972978591919 0.4565049409866333 -0.07880289852619171 0.5237360000610352 0.4508003294467926 -0.07950647920370102
0.43452733755111694 0.5228991508483887 -1.9197554479433165e-07 0.4769832193851471 0.42548051476478577 -0.008957833051681519 0.5434311628341675 0.3411189913749695 -0.032396383583545685 0.6148231625556946 0.3094367980957031 -0.05679504573345184 0.6400120854377747 0.333566278219223 -0.07579536736011505 0.4888816475868225 0.22167640924453735 -0.04205096885561943 0.6062284111976624 0.2404271960258484 -0.07206158339977264 0.6031912565231323 0.2992432713508606 -0.0855875313282013 0.5744426250457764 0.31273311376571655 -0.095439113676548 0.48361173272132874 0.2710593342781067 -0.057579293847084045 0.6125205755233765 0.30977892875671387 -0.08129661530256271 0.6015639305114746 0.3596450388431549 -0.08136651664972305 0.5723666548728943 0.3566760718822479 -0.0845569595694542 0.49022185802459717 0.33677366375923157 -0.07377047091722488 0.6174067258834839 0.37938007712364197 -0.09022261202335358 0.6008368134498596 0.4154677987098694 -0.07974833250045776 0.5692201256752014 0.40674176812171936 -0.07574462890625 0.5060363411903381 0.40869924426078796 -0.09188145399093628 0.6107160449028015 0.4392850399017334 -0.0953504666686058 0.5957674384117126 0.46575769782066345 -0.08598501980304718 0.5668413043022156 0.460973858833313 -0.08212119340896606
0.441151887178421 0.5150482654571533 -1.454033053960302e-07 0.46467551589012146 0.414425253868103 -0.008413707837462425 0.5220690369606018 0.32745763659477234 -0.032303329557180405 0.5979018807411194 0.2907872200012207 -0.05688418820500374 0.6445773839950562 0.290214478969574 -0.07625188678503036 0.4794790744781494 0.22805564105510712 -0.04577358439564705 0.5986257195472717 0.2285797894001007 -0.07757145911455154 0.5989174246788025 0.2842450439929962 -0.09296436607837677 0.5696213841438293 0.3027767241001129 -0.10308735072612762 0.48834043741226196 0.28162112832069397 -0.06204047426581383 0.6154726147651672 0.2900209426879883 -0.08554743230342865 0.6087053418159485 0.3402315676212311 -0.08676517009735107 0.5774560570716858 0.34610259532928467 -0.09039885550737381 0.5069220662117004 0.3478510081768036 -0.0786309465765953 0.628550112247467 0.36002305150032043 -0.09472943842411041 0.6135101914405823 0.40027523040771484 -0.08214278519153595 0.5786834359169006 0.39886075258255005 -0.0764397382736206 0.5309898257255554 0.4188074469566345 -0.09670600295066833 0.6267551779747009 0.42403140664100647 -0.10021469742059708 0.6109239459037781 0.4538441300392151 -0.08670087903738022 0.5801692008972168 0.4549175798892975 -0.07927577197551727
0.43531620502471924 0.5010823607444763 -2.5437736894673435e-07 0.4437427520751953 0.3848112225532532 -0.0017014569602906704 0.4929506778717041 0.29055920243263245 -0.02119206078350544 0.5627611875534058 0.25185829401016235 -0.04182671383023262 0.6198461055755615 0.2535461485385895 -0.05848471075296402 0.4706469178199768 0.22244887053966522 -0.03861408680677414 0.5756200551986694 0.19896571338176727 -0.06356006115674973 0.5747750401496887 0.2526172995567322 -0.07677914947271347 0.5450624227523804 0.276983380317688 -0.08509165048599243 0.5002061128616333 0.275596022605896 -0.054211586713790894 0.6043487191200256 0.26667842268943787 -0.06839530915021896 0.5960821509361267 0.31332388520240784 -0.07025264203548431 0.5596868395805359 0.3262671232223511 -0.07498122751712799 0.5357065200805664 0.33875614404678345 -0.06865114718675613 0.6253126859664917 0.33165308833122253 -0.07466541975736618 0.6096498966217041 0.37104544043540955 -0.061679989099502563 0.5728707909584045 0.3801795244216919 -0.05691874399781227 0.5701882839202881 0.4046771228313446 -0.08387533575296402 0.6341540813446045 0.39025363326072693 -0.07965502142906189 0.6165019273757935 0.42378705739974976 -0.06220489740371704 0.5873448848724365 0.43729978799819946 -0.05217340588569641
0.4487203061580658 0.49867814779281616 -3.0181945476215333e-07 0.44424599409103394 0.37867021560668945 0.004455180838704109 0.4827694594860077 0.2850903570652008 -0.009446381591260433 0.5449036359786987 0.23732508718967438 -0.02445076033473015 0.59775310754776 0.22993019223213196 -0.035124704241752625 0.46734291315078735 0.22593095898628235 -0.03149011731147766 0.5590309500694275 0.17635704576969147 -0.049437664449214935 0.5561649799346924 0.22284670174121857 -0.05546022579073906 0.5274819135665894 0.24902676045894623 -0.05740978196263313 0.5079382061958313 0.27888795733451843 -0.04606611281633377 0.5927215814590454 0.22815996408462524 -0.052773963660001755 0.5849145650863647 0.2715790569782257 -0.04801040515303612 0.5540988445281982 0.295730859041214 -0.046393021941185 0.5511929988861084 0.3394987881183624 -0.058659378439188004 0.6177768111228943 0.2926619052886963 -0.057778500020504 0.6053866147994995 0.33178210258483887 -0.03909406438469887 0.5776705145835876 0.35406094789505005 -0.029683556407690048 0.5900560021400452 0.40241289138793945 -0.0711875930428505 0.632981538772583 0.3561021387577057 -0.061178211122751236 0.6154183745384216 0.38828539848327637 -0.03848686441779137 0.594933032989502 0.41134917736053467 -0.02417805977165699
0.45399540662765503 0.5020706653594971 -3.734125186838355e-07 0.4464018940925598 0.3733259439468384 0.008766156621277332 0.47822949290275574 0.2800403833389282 -0.0015928137581795454 0.5321857929229736 0.23697711527347565 -0.013392523862421513 0.5808752775192261 0.2404433786869049 -0.021779660135507584 0.4756709337234497 0.22318601608276367 -0.02658839337527752 0.5567559599876404 0.1707298904657364 -0.03650888428092003 0.5524264574050903 0.21637390553951263 -0.03681188449263573 0.5249508619308472 0.2440139204263687 -0.03594684973359108 0.5226699709892273 0.2756941616535187 -0.040972571820020676 0.5940977334976196 0.2243516445159912 -0.03977557644248009 0.5846623182296753 0.2642260491847992 -0.032617077231407166 0.5554758906364441 0.29021647572517395 -0.030649876222014427 0.5683990120887756 0.3360227346420288 -0.05220378562808037 0.6198130249977112 0.2872435748577118 -0.044876374304294586 0.6072607040405273 0.32486602663993835 -0.02629241719841957 0.581895649433136 0.3498331606388092 -0.018285246565937996 0.6058652400970459 0.39952582120895386 -0.06282851845026016 0.6360639929771423 0.3469959795475006 -0.04926840215921402 0.6185673475265503 0.37873268127441406 -0.02533184364438057 0.5992480516433716 0.40522465109825134 -0.010402665473520756
0.4566201865673065 0.5128418207168579 -3.950416669340484e-07 0.4453570246696472 0.3842618763446808 0.00666938629001379 0.4749504625797272 0.2879033088684082 -0.00492141442373395 0.5320962071418762 0.2466808259487152 -0.018310971558094025 0.5850001573562622 0.2516762614250183 -0.028130613267421722 0.47502970695495605 0.2357736974954605 -0.025769798085093498 0.5567463040351868 0.17753975093364716 -0.039236389100551605 0.5533521175384521 0.2254389226436615 -0.04332566261291504 0.5257970690727234 0.25345009565353394 -0.0445396825671196 0.5217816829681396 0.28712862730026245 -0.039411306381225586 0.5953521132469177 0.22983679175376892 -0.041805464774370193 0.5873388051986694 0.2740131616592407 -0.03695715591311455 0.5565310716629028 0.30240413546562195 -0.035540882498025894 0.5681706070899963 0.3459644019603729 -0.05055003613233566 0.6222664713859558 0.2939396798610687 -0.04655570164322853 0.6106407046318054 0.3347635567188263 -0.02925363928079605 0.5825631022453308 0.3623676002025604 -0.020841825753450394 0.6066119074821472 0.4081166088581085 -0.06128941476345062 0.6387577652931213 0.35506340861320496 -0.05056285485625267 0.622576117515564 0.3875496983528137 -0.028114451095461845 0.601838231086731 0.41543883085250854 -0.013518203981220722
0.4636313319206238 0.5139803886413574 -3.995755264440959e-07 0.45550036430358887 0.3826470971107483 0.007161278277635574 0.4891773462295532 0.28891363739967346 -0.003542697988450527 0.5459470152854919 0.2398013174533844 -0.01526578888297081 0.5965880751609802 0.22991478443145752 -0.023010799661278725 0.4840087294578552 0.24166008830070496 -0.028745777904987335 0.5678117275238037 0.1813574880361557 -0.039217039942741394 0.5652027726173401 0.22806766629219055 -0.038608718663454056 0.5381896495819092 0.25782740116119385 -0.0364302434027195 0.5322015285491943 0.29308435320854187 -0.041232626885175705 0.6040766835212708 0.2345159649848938 -0.04049660637974739 0.5968165993690491 0.27594131231307983 -0.033319566398859024 0.5676382780075073 0.30450260639190674 -0.03105809912085533 0.5792990326881409 0.3518984615802765 -0.05064982920885086 0.6290556192398071 0.29765215516090393 -0.04393749684095383 0.6174179315567017 0.33488568663597107 -0.02601616643369198 0.5911097526550293 0.3619273900985718 -0.018250228837132454 0.6183439493179321 0.41315701603889465 -0.059413835406303406 0.6455003023147583 0.3576943874359131 -0.04714250564575195 0.6289406418800354 0.3871663510799408 -0.024882087484002113 0.6097695231437683 0.4145805835723877 -0.010930640622973442
0.4686676263809204 0.5134099125862122 -4.0646312982062227e-07 0.45928171277046204 0.3839166462421417 0.00516955740749836 0.49789538979530334 0.2885734736919403 -0.005182423163205385 0.5584962964057922 0.2269172966480255 -0.016270926222205162 0.6093116998672485 0.20121707022190094 -0.02287723310291767 0.48888635635375977 0.246128648519516 -0.025250906124711037 0.5678225159645081 0.18445415794849396 -0.036511898040771484 0.5660653114318848 0.2278769314289093 -0.03808126598596573 0.5432208776473999 0.2540941834449768 -0.037509143352508545 0.5356881022453308 0.2992652654647827 -0.03711147978901863 0.6030515432357788 0.23749136924743652 -0.03726842999458313 0.5975697636604309 0.27544766664505005 -0.031077353283762932 0.5726333856582642 0.3028923571109772 -0.029279274865984917 0.5815641283988953 0.358455628156662 -0.04668784514069557 0.6291342973709106 0.3003251552581787 -0.04210330918431282 0.6192946434020996 0.3342400789260864 -0.025175895541906357 0.596477210521698 0.36057764291763306 -0.017472244799137115 0.6207625865936279 0.4184967875480652 -0.05580364167690277 0.647403359413147 0.36017370223999023 -0.044837407767772675 0.6323398351669312 0.3872509300708771 -0.023505134508013725 0.6162411570549011 0.41434216499328613 -0.00996892899274826
0.4784599840641022 0.5230331420898438 -4.1049705146178894e-07 0.4670543670654297 0.395477831363678 0.0059676398523151875 0.4975362718105316 0.301547110080719 -0.0034381740260869265 0.5534136295318604 0.24657389521598816 -0.013502907007932663 0.6028628945350647 0.22897107899188995 -0.019249824807047844 0.4983119070529938 0.258453369140625 -0.026685120537877083 0.5741063356399536 0.19391566514968872 -0.03529387339949608 0.5720952749252319 0.23920680582523346 -0.03250493109226227 0.551540195941925 0.2710874676704407 -0.028732359409332275 0.5480746030807495 0.30907142162323 -0.03745531663298607 0.6129589080810547 0.24452100694179535 -0.03655886650085449 0.6060805320739746 0.2831193506717682 -0.02782030589878559 0.5824447870254517 0.3157513737678528 -0.02343926578760147 0.5947392582893372 0.36531883478164673 -0.04553057998418808 0.6373897790908813 0.30779510736465454 -0.03931661322712898 0.626792311668396 0.34100526571273804 -0.022348159924149513 0.6051907539367676 0.37135034799575806 -0.014418091624975204 0.6330378651618958 0.4232501685619354 -0.0530453585088253 0.6545096635818481 0.36889922618865967 -0.0423908457159996 0.6391921043395996 0.3938431441783905 -0.022737940773367882 0.6240313649177551 0.4209862947463989 -0.009917650371789932
0.48780930042266846 0.5238433480262756 -3.92418399997041e-07 0.4696231186389923 0.39635229110717773 0.00558031490072608 0.48641422390937805 0.3056953549385071 -0.0033529577776789665 0.5333212018013 0.2578117847442627 -0.014098575338721275 0.5819627046585083 0.2558441162109375 -0.021230900660157204 0.5074182152748108 0.27188265323638916 -0.02174316719174385 0.5670870542526245 0.19246013462543488 -0.034499023109674454 0.5623983144760132 0.23176482319831848 -0.036678239703178406 0.5437771677970886 0.2668995261192322 -0.035330336540937424 0.5570369362831116 0.31772300601005554 -0.03189981356263161 0.6047677397727966 0.2427820861339569 -0.03469206392765045 0.5942370891571045 0.275122731924057 -0.02945120446383953 0.5728492140769958 0.3106534481048584 -0.025991594418883324 0.6012683510780334 0.3698905408382416 -0.04006451740860939 0.6293745040893555 0.3111642003059387 -0.038513388484716415 0.6165018081665039 0.336717426776886 -0.02596099302172661 0.5969752073287964 0.36748477816581726 -0.01870795339345932 0.6366838812828064 0.42337727546691895 -0.047503601759672165 0.6493530869483948 0.3680899143218994 -0.03998778760433197 0.6343799233436584 0.3865407109260559 -0.022517148405313492 0.6209567785263062 0.4140864312648773 -0.009661334566771984
0.5026346445083618 0.5355139970779419 -4.0503616105525e-07 0.47375208139419556 0.41661351919174194 0.0025163290556520224 0.48468315601348877 0.3173995018005371 -0.002104813465848565 0.5284340381622314 0.25615882873535156 -0.006440948229283094 0.5761083960533142 0.2450484186410904 -0.00893402099609375 0.5300716757774353 0.31211602687835693 -0.025368036702275276 0.5655664801597595 0.2044762372970581 -0.034553974866867065 0.5641589760780334 0.21566827595233917 -0.03193289414048195 0.5610264539718628 0.24701914191246033 -0.027163563296198845 0.586455225944519 0.3461235463619232 -0.02946367859840393 0.6059580445289612 0.24159681797027588 -0.03360660374164581 0.589730978012085 0.2599932551383972 -0.027537256479263306 0.5749411582946777 0.29902610182762146 -0.021426422521471977 0.6292065978050232 0.3821292519569397 -0.030931366607546806 0.6249038577079773 0.30152973532676697 -0.030376067385077477 0.6081556081771851 0.3148424029350281 -0.01975390501320362 0.5955063104629517 0.34445467591285706 -0.012566912919282913 0.6582044959068298 0.4150710701942444 -0.031544312834739685 0.6487765312194824 0.35120296478271484 -0.0259017962962389 0.6318162679672241 0.3604053258895874 -0.01218776497989893 0.6228101253509521 0.385573148727417 -0.0012948091607540846
0.5050421953201294 0.5425993204116821 -4.982979362466722e-07 0.4725823402404785 0.4195733964443207 -0.005275752395391464 0.4782155752182007 0.3137063682079315 -0.013648645021021366 0.5194848775863647 0.25145432353019714 -0.020123878493905067 0.5659700036048889 0.24474966526031494 -0.02346223220229149 0.538353681564331 0.3283616900444031 -0.035958074033260345 0.5675503015518188 0.21443872153759003 -0.04401324316859245 0.5469372868537903 0.24421627819538116 -0.0407097302377224 0.5336613059043884 0.28894972801208496 -0.03647908940911293 0.5954519510269165 0.3676298260688782 -0.036154113709926605 0.6084353923797607 0.26119425892829895 -0.0375453382730484 0.5856468081474304 0.28051328659057617 -0.030489863827824593 0.5697981715202332 0.3186524510383606 -0.026328157633543015 0.6342976093292236 0.40552935004234314 -0.033875130116939545 0.6321133971214294 0.3174571096897125 -0.03367820009589195 0.6123601794242859 0.3319854736328125 -0.02345561981201172 0.5980876088142395 0.36473652720451355 -0.01803998090326786 0.6582990884780884 0.43860986828804016 -0.03098919428884983 0.6532626748085022 0.3682537376880646 -0.030780117958784103 0.6355709433555603 0.37741902470588684 -0.019866226240992546 0.6251452565193176 0.40635156631469727 -0.011169787496328354
0.5016472935676575 0.5574507713317871 -4.979750087841239e-07 0.47165757417678833 0.43910980224609375 -0.0038255376275628805 0.47783514857292175 0.33245205879211426 -0.009239698760211468 0.5169368386268616 0.26975011825561523 -0.013628775253891945 0.5585334300994873 0.25957000255584717 -0.014775038696825504 0.5398274064064026 0.33767247200012207 -0.028745081275701523 0.5744598507881165 0.23557601869106293 -0.03561221808195114 0.5526323318481445 0.2598751485347748 -0.032820042222738266 0.5358395576477051 0.3002392649650574 -0.02902587689459324 0.59208744764328 0.3816344738006592 -0.03021271526813507 0.6122785210609436 0.2872171998023987 -0.02992183156311512 0.5890771150588989 0.30212169885635376 -0.023326611146330833 0.5719994306564331 0.33574700355529785 -0.0196284931153059 0.6270735859870911 0.4252679944038391 -0.029714485630393028 0.6360951662063599 0.3478712737560272 -0.02932082861661911 0.6163920760154724 0.35760465264320374 -0.020365001633763313 0.6006463766098022 0.38652628660202026 -0.015646962448954582 0.648163914680481 0.46471476554870605 -0.028633296489715576 0.6587521433830261 0.4019475281238556 -0.02827652357518673 0.6411635279655457 0.4053189158439636 -0.017578180879354477 0.6261489987373352 0.4300891160964966 -0.008902052417397499
0.5066333413124084 0.5684356689453125 -5.54575819933234e-07 0.47357890009880066 0.4467115104198456 -0.0056516630575060844 0.47924888134002686 0.3318195939064026 -0.011170565150678158 0.5189861059188843 0.2665104866027832 -0.014612440019845963 0.5602111220359802 0.2629328966140747 -0.014008663594722748 0.5456289052963257 0.35206836462020874 -0.03197311609983444 0.5785074830055237 0.24575909972190857 -0.03669830411672592 0.5518685579299927 0.2774510383605957 -0.03142060711979866 0.5372605919837952 0.3202924430370331 -0.026954304426908493 0.5974321365356445 0.39488905668258667 -0.0315980464220047 0.6143286824226379 0.29638779163360596 -0.03023437038064003 0.5870625376701355 0.31766754388809204 -0.021297236904501915 0.5734471678733826 0.3544860780239105 -0.016486434265971184 0.6330873966217041 0.4346856474876404 -0.02898876927793026 0.6360106468200684 0.35438743233680725 -0.026656940579414368 0.614067018032074 0.3689108192920685 -0.01585005223751068 0.6017228960990906 0.4012938141822815 -0.010795168578624725 0.6555701494216919 0.4702569246292114 -0.0261080265045166 0.6601859927177429 0.4019133448600769 -0.025137320160865784 0.6409503817558289 0.4112059772014618 -0.01461729034781456 0.6288053393363953 0.4416734278202057 -0.006750473752617836
0.5097579956054688 0.5692645907402039 -5.430891860669362e-07 0.4779891073703766 0.44864243268966675 -0.0077546886168420315 0.48205044865608215 0.3349584639072418 -0.015492640435695648 0.5235236287117004 0.2698870897293091 -0.020467333495616913 0.570187509059906 0.26991015672683716 -0.021393416449427605 0.5653291344642639 0.3536876440048218 -0.03277040645480156 0.5864170789718628 0.2514641284942627 -0.036043088883161545 0.5577902793884277 0.2778228521347046 -0.03202515095472336 0.5454452633857727 0.3179842233657837 -0.029581185430288315 0.6149241924285889 0.39958852529525757 -0.031285811215639114 0.6216059327125549 0.3038634955883026 -0.02914257161319256 0.5917625427246094 0.3205946385860443 -0.02102896012365818 0.5790348649024963 0.35584113001823425 -0.01763594150543213 0.6450631618499756 0.44208258390426636 -0.027590565383434296 0.645180881023407 0.3612253665924072 -0.025902630761265755 0.6207748055458069 0.3696969449520111 -0.015297497622668743 0.607271134853363 0.40004396438598633 -0.010606279596686363 0.6601755619049072 0.47927266359329224 -0.023609817028045654 0.6643232703208923 0.411678671836853 -0.02397841028869152 0.6437768340110779 0.4164138734340668 -0.013890910893678665 0.630722165107727 0.4454832375049591 -0.006183677818626165
0.487174928188324 0.5404890775680542 -2.5880152065838047e-07 0.4946880340576172 0.42374327778816223 0.01053450908511877 0.5335727334022522 0.34592583775520325 0.008547256700694561 0.5832614898681641 0.3314124047756195 0.0037262877449393272 0.6186475157737732 0.362081378698349 0.0006142915226519108 0.5688690543174744 0.30945029854774475 -0.007700344081968069 0.6293412446975708 0.27287954092025757 -0.011547142639756203 0.6325844526290894 0.3007403314113617 -0.01094831246882677 0.6156092286109924 0.32451510429382324 -0.008879028260707855 0.6067579984664917 0.36681240797042847 -0.018241681158542633 0.6540965437889099 0.3404300808906555 -0.010697510093450546 0.6461759805679321 0.3625825047492981 -0.004543913993984461 0.6216815114021301 0.38159382343292236 -0.0022953904699534178 0.6348984241485596 0.4308766722679138 -0.02668832615017891 0.6613125801086426 0.40823113918304443 -0.015635324642062187 0.6497008800506592 0.42260000109672546 -0.006860394962131977 0.6261499524116516 0.43807849287986755 -0.004280143417418003 0.6526709794998169 0.49372389912605286 -0.03471379354596138 0.6673661470413208 0.4683508574962616 -0.021516606211662292 0.6532934904098511 0.4787755012512207 -0.006429827306419611 0.6348447799682617 0.4956572949886322 0.0038447007536888123
0.47680947184562683 0.5065485835075378 -2.286877673896015e-07 0.5118234753608704 0.3999255895614624 0.004917050711810589 0.567429780960083 0.33612948656082153 -0.007602805271744728 0.6272421479225159 0.3357192277908325 -0.02234612964093685 0.6668276190757751 0.3803580105304718 -0.03428659960627556 0.590923547744751 0.2889088988304138 -0.02642184868454933 0.6819085478782654 0.30977344512939453 -0.04144018515944481 0.6648626923561096 0.3456862270832062 -0.04760712757706642 0.6354753375053406 0.3518744111061096 -0.05117158591747284 0.6079535484313965 0.35394757986068726 -0.03953266888856888 0.689122200012207 0.3799756169319153 -0.04228362813591957 0.6700210571289062 0.40524324774742126 -0.03707839921116829 0.6390902400016785 0.40782782435417175 -0.03666060045361519 0.6221572756767273 0.42786291241645813 -0.050955142825841904 0.6836984157562256 0.4465404748916626 -0.04561539366841316 0.6643903255462646 0.4622317850589752 -0.031530968844890594 0.633874773979187 0.4618137776851654 -0.026470618322491646 0.6310429573059082 0.5014222860336304 -0.062780000269413 0.6732662320137024 0.5050296187400818 -0.049868736416101456 0.6535566449165344 0.5148388743400574 -0.03184455260634422 0.6290521025657654 0.5157331228256226 -0.021426599472761154
0.4627918004989624 0.5026123523712158 -2.040007700543356e-07 0.5225297212600708 0.41966256499290466 0.0018596840091049671 0.5963817238807678 0.38278844952583313 -0.016921553760766983 0.6644833087921143 0.4061703383922577 -0.038517288863658905 0.7079647183418274 0.4501285254955292 -0.0561448335647583 0.605831503868103 0.29653751850128174 -0.03359464555978775 0.6997845768928528 0.35908833146095276 -0.06031437963247299 0.6882898211479187 0.4123545289039612 -0.07467609643936157 0.6598403453826904 0.420183390378952 -0.08356618881225586 0.6010079979896545 0.34624090790748596 -0.050825148820877075 0.690455436706543 0.4247073829174042 -0.0666423887014389 0.6733136177062988 0.4663837254047394 -0.0681157261133194 0.6432970762252808 0.45741745829582214 -0.0723726823925972 0.5954775810241699 0.41299736499786377 -0.06751155853271484 0.6758047938346863 0.49010974168777466 -0.07513101398944855 0.6554177403450012 0.5147552490234375 -0.06498143076896667 0.6251075267791748 0.4935915768146515 -0.062076106667518616 0.5896602869033813 0.4865102469921112 -0.08497469872236252 0.6493067741394043 0.5435405969619751 -0.08235407620668411 0.6294830441474915 0.5571481585502625 -0.06984306871891022 0.6041140556335449 0.5378609895706177 -0.06378908455371857
0.45912134647369385 0.5078314542770386 -1.9032680143027392e-07 0.5398366451263428 0.44589710235595703 -0.004436100833117962 0.6275102496147156 0.41726499795913696 -0.024910660460591316 0.6939595937728882 0.437203049659729 -0.04764055833220482 0.7039399147033691 0.4753148853778839 -0.06532346457242966 0.6218509078025818 0.29631873965263367 -0.03760926425457001 0.7074437141418457 0.3892148733139038 -0.06351673603057861 0.6836708188056946 0.4340561032295227 -0.07335012406110764 0.6534460186958313 0.42810922861099243 -0.08047616481781006 0.5951375365257263 0.3423818349838257 -0.05524124950170517 0.6836215853691101 0.4528540074825287 -0.07443223893642426 0.6543698310852051 0.478044718503952 -0.07205706089735031 0.6307120323181152 0.45294296741485596 -0.07453998178243637 0.5713874101638794 0.4054999053478241 -0.07300891727209091 0.6564385294914246 0.5127824544906616 -0.08631493151187897 0.6256586313247681 0.5210250616073608 -0.07339414209127426 0.6013989448547363 0.4905944764614105 -0.06846579909324646 0.5511536002159119 0.4747995138168335 -0.09236804395914078 0.6275612115859985 0.5509535670280457 -0.0937746986746788 0.6022058725357056 0.5512583255767822 -0.0807935893535614 0.5741469264030457 0.5251647233963013 -0.07482412457466125
0.4558538794517517 0.5232211351394653 -1.7384860484526143e-07 0.5462096333503723 0.4891391396522522 -0.01199058722704649 0.6242561936378479 0.45683565735816956 -0.031680550426244736 0.6759013533592224 0.45520251989364624 -0.05302337557077408 0.6867004036903381 0.4693390130996704 -0.06864408403635025 0.610233724117279 0.28649669885635376 -0.034545619040727615 0.6974228620529175 0.3956969678401947 -0.06637761741876602 0.666487455368042 0.4370585083961487 -0.08114570379257202 0.6383439302444458 0.42031314969062805 -0.0915328711271286 0.5726328492164612 0.3183702826499939 -0.04874569550156593 0.6619091033935547 0.4528948962688446 -0.07781783491373062 0.6257269978523254 0.4728486239910126 -0.07896798104047775 0.6017186045646667 0.44059789180755615 -0.08194437623023987 0.5384989380836487 0.37302452325820923 -0.06506550312042236 0.6251696348190308 0.4984934329986572 -0.08915330469608307 0.5909094214439392 0.5054464340209961 -0.07896845042705536 0.5681263208389282 0.47194918990135193 -0.07329302281141281 0.5090106725692749 0.43809571862220764 -0.08347947150468826 0.5848565101623535 0.5289293527603149 -0.09485602378845215 0.5585541725158691 0.5293353199958801 -0.08703113347291946 0.5329113006591797 0.49857667088508606 -0.08267926424741745
0.4884207844734192 0.5518984198570251 3.1709953418612713e-07 0.5707025527954102 0.5231680870056152 -0.015086419880390167 0.6377853155136108 0.47231075167655945 -0.027129504829645157 0.6702579855918884 0.4259765148162842 -0.039990611374378204 0.6596684455871582 0.38392966985702515 -0.05051768571138382 0.5858443379402161 0.2800794243812561 -0.017334675416350365 0.6418487429618835 0.30642950534820557 -0.04546045884490013 0.6602205038070679 0.3605092465877533 -0.06712006777524948 0.6632156372070312 0.3997340202331543 -0.07944732904434204 0.5440880060195923 0.2774261236190796 -0.023772766813635826 0.6003281474113464 0.3300234079360962 -0.045202504843473434 0.6198281049728394 0.38885071873664856 -0.055489420890808105 0.6228338479995728 0.424397736787796 -0.0630946084856987 0.5026038885116577 0.3057210147380829 -0.03303459659218788 0.5605090260505676 0.37164217233657837 -0.05503244325518608 0.566748321056366 0.42555102705955505 -0.05518176779150963 0.5566668510437012 0.4482824206352234 -0.05380803719162941 0.46661680936813354 0.3534390330314636 -0.04455500841140747 0.5191285610198975 0.41058382391929626 -0.058907728642225266 0.5219370126724243 0.44971907138824463 -0.05576116591691971 0.509375810623169 0.46372145414352417 -0.051508188247680664
0.5065757036209106 0.5556296706199646 -2.9490931297004863e-07 0.5735074877738953 0.5189975500106812 -0.017502883449196815 0.6343715190887451 0.45405611395835876 -0.03502027317881584 0.6548662185668945 0.393922358751297 -0.053069211542606354 0.6171864867210388 0.35912421345710754 -0.06691831350326538 0.574275553226471 0.2719120979309082 -0.016476932913064957 0.6337077617645264 0.2945758104324341 -0.05218666046857834 0.6263656616210938 0.3663223385810852 -0.07508447766304016 0.6070690155029297 0.37492698431015015 -0.08883704245090485 0.5279194116592407 0.2671206593513489 -0.02609117329120636 0.5947695374488831 0.3254773020744324 -0.055608637630939484 0.5864312648773193 0.4058326780796051 -0.06628254801034927 0.5660145282745361 0.39766034483909607 -0.07176712155342102 0.4880095422267914 0.2961801290512085 -0.03931741416454315 0.5560516715049744 0.36356329917907715 -0.06881090998649597 0.5510096549987793 0.43242448568344116 -0.06481342017650604 0.5301751494407654 0.4219680428504944 -0.05944551154971123 0.45575350522994995 0.3429926037788391 -0.05440323427319527 0.51570063829422 0.3975011110305786 -0.07027839869260788 0.51432865858078 0.44791632890701294 -0.06302537769079208 0.4946425259113312 0.44466179609298706 -0.05541231855750084
0.5020455718040466 0.561821699142456 -3.997718636128411e-07 0.5711101293563843 0.5221766829490662 -0.0227518193423748 0.6290295124053955 0.456489622592926 -0.04482240602374077 0.6558935642242432 0.39729100465774536 -0.0680798590183258 0.6228662729263306 0.36508622765541077 -0.08521771430969238 0.5725377798080444 0.2686106562614441 -0.012414885684847832 0.6344305276870728 0.2904343008995056 -0.052258264273405075 0.6263956427574158 0.3641009032726288 -0.07501834630966187 0.6038104295730591 0.37198394536972046 -0.08788460493087769 0.5268601775169373 0.267124205827713 -0.021859847009181976 0.6001331806182861 0.3228120505809784 -0.05569053813815117 0.5899666547775269 0.4078463315963745 -0.06351244449615479 0.5673026442527771 0.3937007784843445 -0.0644802525639534 0.48879730701446533 0.29582712054252625 -0.03700406849384308 0.5598871111869812 0.36481475830078125 -0.06812260299921036 0.5537478923797607 0.43464115262031555 -0.06029316037893295 0.5309934020042419 0.41982826590538025 -0.051177017390728 0.45813488960266113 0.3408869802951813 -0.05547056719660759 0.5164713859558105 0.39916253089904785 -0.07191634923219681 0.515872597694397 0.448244571685791 -0.0644134059548378 0.496431827545166 0.44129136204719543 -0.05559861287474632
0.4970428943634033 0.5665360689163208 -4.1939654238376534e-07 0.568782389163971 0.5248314142227173 -0.02177504077553749 0.6301791071891785 0.45628219842910767 -0.043780047446489334 0.6593655347824097 0.39362475275993347 -0.0677667036652565 0.6235995292663574 0.3685872256755829 -0.08552242070436478 0.5729351043701172 0.2706140875816345 -0.009548671543598175 0.6312960982322693 0.2904268801212311 -0.049907948821783066 0.6245183348655701 0.36371296644210815 -0.07262971252202988 0.6028012633323669 0.37215685844421387 -0.08512628823518753 0.5272520184516907 0.2693607807159424 -0.01979846879839897 0.5974423885345459 0.32654958963394165 -0.05425865203142166 0.5883123278617859 0.4112333655357361 -0.06177773326635361 0.5661173462867737 0.3946649432182312 -0.062127768993377686 0.4891180396080017 0.2977052927017212 -0.03601597994565964 0.5592179894447327 0.3665604889392853 -0.06786930561065674 0.5534825921058655 0.4361235201358795 -0.06029589846730232 0.530083954334259 0.42058202624320984 -0.05090291053056717 0.45867297053337097 0.34204810857772827 -0.05560728907585144 0.5174798369407654 0.40151435136795044 -0.07238557189702988 0.5159658789634705 0.4497392475605011 -0.06562522798776627 0.4948563575744629 0.441834032535553 -0.05714138597249985
0.49196621775627136 0.5688585638999939 -4.125313068925607e-07 0.5612578392028809 0.5281148552894592 -0.01948598027229309 0.6205752491950989 0.4621715843677521 -0.03937065228819847 0.6484205722808838 0.4060153663158417 -0.06082671508193016 0.6164036393165588 0.379353404045105 -0.07676093280315399 0.5622072815895081 0.2703232765197754 -0.010655074380338192 0.6268621683120728 0.28958120942115784 -0.049115415662527084 0.6188921928405762 0.3672724962234497 -0.07405053079128265 0.5978198051452637 0.38100647926330566 -0.08902130275964737 0.5182126760482788 0.27037081122398376 -0.02147887460887432 0.5940588116645813 0.32343921065330505 -0.05509383976459503 0.5835736393928528 0.4071577489376068 -0.06695971637964249 0.560208261013031 0.4054737687110901 -0.07127996534109116 0.4798820912837982 0.29989081621170044 -0.03722308948636055 0.5551167726516724 0.367460161447525 -0.06659487634897232 0.5486629009246826 0.43612709641456604 -0.06255175173282623 0.5262176394462585 0.42840999364852905 -0.05636422336101532 0.4496113061904907 0.3468387722969055 -0.05593866854906082 0.5138375759124756 0.4011822044849396 -0.06960558146238327 0.510882556438446 0.4518953859806061 -0.06270675361156464 0.48944273591041565 0.45065838098526 -0.055149372667074203
0.4772987365722656 0.5724726915359497 -3.840362410301168e-07 0.5504510998725891 0.5336145162582397 -0.02498983033001423 0.6086581945419312 0.4747753143310547 -0.04825281724333763 0.6386910676956177 0.42552584409713745 -0.07197564840316772 0.6159158945083618 0.3910287618637085 -0.09033453464508057 0.5456821918487549 0.2730239927768707 -0.019547563046216965 0.6184735298156738 0.30279994010925293 -0.05854901671409607 0.6104154586791992 0.3778526186943054 -0.08385971188545227 0.5877530574798584 0.3907031714916229 -0.0989387258887291 0.5030591487884521 0.2808058559894562 -0.02771998569369316 0.5860346555709839 0.3412758708000183 -0.0594807043671608 0.5757764577865601 0.41951611638069153 -0.0702127143740654 0.5516313314437866 0.416181355714798 -0.07530220597982407 0.46763813495635986 0.3169374465942383 -0.0409121997654438 0.5473014712333679 0.3854541480541229 -0.0689271092414856 0.5429726243019104 0.45109426975250244 -0.06364742666482925 0.5217152833938599 0.4467557668685913 -0.05760100483894348 0.44025248289108276 0.3691084086894989 -0.05760110169649124 0.5081667900085449 0.419754296541214 -0.07066401839256287 0.5084386467933655 0.4698808491230011 -0.0626574382185936 0.4900546371936798 0.474784255027771 -0.0545627735555172
0.4678681790828705 0.5705916881561279 -3.341237118092977e-07 0.5418566465377808 0.5330224633216858 -0.028211897239089012 0.6017284989356995 0.4740258753299713 -0.05300375819206238 0.6328758597373962 0.4259184002876282 -0.0773264691233635 0.6065701246261597 0.4035002887248993 -0.09552093595266342 0.5337255597114563 0.269755482673645 -0.024259820580482483 0.6059151887893677 0.31299418210983276 -0.06286867707967758 0.5970262885093689 0.3791852593421936 -0.08849158138036728 0.5746774077415466 0.3828169107437134 -0.10556966066360474 0.4908650517463684 0.2835313081741333 -0.031411681324243546 0.5767498016357422 0.35455742478370667 -0.06599201261997223 0.5650325417518616 0.4186505675315857 -0.07805689424276352 0.5425804257392883 0.41238731145858765 -0.08525446802377701 0.45695018768310547 0.3246055841445923 -0.04372595250606537 0.540144681930542 0.4070717394351959 -0.07156603783369064 0.5327116250991821 0.4582090675830841 -0.06912694871425629 0.5122182965278625 0.44873079657554626 -0.066520556807518 0.43412908911705017 0.3821101784706116 -0.060383670032024384 0.5066123604774475 0.45215675234794617 -0.07526244968175888 0.500411331653595 0.48625826835632324 -0.0747963935136795 0.4780186116695404 0.4783434569835663 -0.07347725331783295
0.4606686234474182 0.560048520565033 -3.4074832910846453e-07 0.536780059337616 0.5230984687805176 -0.0277780219912529 0.5957632660865784 0.4678270220756531 -0.05259452760219574 0.6280332803726196 0.4230504035949707 -0.07710079848766327 0.6021365523338318 0.40065696835517883 -0.09551443159580231 0.5316215753555298 0.2626715302467346 -0.023651765659451485 0.5994020104408264 0.3144092857837677 -0.06283682584762573 0.5910634398460388 0.3729994297027588 -0.0892806351184845 0.5699883699417114 0.37365978956222534 -0.10720417648553848 0.48809123039245605 0.27755236625671387 -0.031078023836016655 0.5708118081092834 0.36259621381759644 -0.06594677269458771 0.5601281523704529 0.42042794823646545 -0.07926252484321594 0.5393863320350647 0.40971583127975464 -0.087776318192482 0.4537220597267151 0.32124459743499756 -0.043662771582603455 0.5328498482704163 0.41673702001571655 -0.07171798497438431 0.5262951254844666 0.4605385661125183 -0.07065194845199585 0.5070437788963318 0.44437655806541443 -0.06938497722148895 0.42979127168655396 0.38085561990737915 -0.0607193298637867 0.4956851303577423 0.46501821279525757 -0.07807287573814392 0.4914642870426178 0.4929298758506775 -0.08080898225307465 0.4717871844768524 0.475986123085022 -0.08166146278381348
0.45064520835876465 0.5521979331970215 -3.297053865480848e-07 0.5293399095535278 0.5172638893127441 -0.023860251531004906 0.5901939272880554 0.458769291639328 -0.044504206627607346 0.6211508512496948 0.41120055317878723 -0.06527155637741089 0.5924400687217712 0.39264822006225586 -0.08100482821464539 0.5223145484924316 0.2575412392616272 -0.02025737427175045 0.5899649262428284 0.31066983938217163 -0.05749035254120827 0.5794055461883545 0.36568623781204224 -0.08414476364850998 0.5597372055053711 0.36505112051963806 -0.10303736478090286 0.4766455292701721 0.2731308043003082 -0.028714794665575027 0.5597902536392212 0.3599068522453308 -0.062014441937208176 0.5467850565910339 0.4108932614326477 -0.0756845772266388 0.5267106890678406 0.402815043926239 -0.085570327937603 0.439802885055542 0.3177044689655304 -0.04210631176829338 0.5218421816825867 0.4127940237522125 -0.06926587224006653 0.512280285358429 0.45185238122940063 -0.06963010132312775 0.4927085340023041 0.43712732195854187 -0.07012854516506195 0.4144917130470276 0.3776509761810303 -0.05958735942840576 0.48466068506240845 0.4594162106513977 -0.07659854739904404 0.4775221347808838 0.487740159034729 -0.08024897426366806 0.45670729875564575 0.47300833463668823 -0.08259190618991852
0.43712547421455383 0.5493366718292236 -3.352494388764171e-07 0.5140249133110046 0.5135588049888611 -0.031306199729442596 0.5733308792114258 0.4603249430656433 -0.058074548840522766 0.6069087386131287 0.4161457121372223 -0.08400328457355499 0.588703453540802 0.39324459433555603 -0.10343502461910248 0.516377329826355 0.25596296787261963 -0.028195150196552277 0.5831863284111023 0.30510327219963074 -0.06981309503316879 0.5713980793952942 0.36599859595298767 -0.09662128239870071 0.5492382645606995 0.36696621775627136 -0.11465562134981155 0.4714823365211487 0.2697954773902893 -0.034949589520692825 0.5545340180397034 0.3516732156276703 -0.0739268958568573 0.5402918457984924 0.4105273485183716 -0.08732143044471741 0.5182177424430847 0.3999977707862854 -0.09504576027393341 0.4360281825065613 0.3121989965438843 -0.0474933423101902 0.5166800618171692 0.40486210584640503 -0.07844502478837967 0.5066384077072144 0.4493934214115143 -0.07750534266233444 0.4868970811367035 0.4334113895893097 -0.07581599801778793 0.4122178554534912 0.3706482946872711 -0.06483899801969528 0.48075392842292786 0.4539731442928314 -0.08390333503484726 0.471829354763031 0.48358485102653503 -0.08777517080307007 0.4502192735671997 0.46691545844078064 -0.0893220454454422
0.43666478991508484 0.5451098680496216 -3.3184622338922054e-07 0.5133081674575806 0.5122144222259521 -0.032308440655469894 0.5750213265419006 0.4583415687084198 -0.05830412730574608 0.6066997647285461 0.4126862585544586 -0.08283340185880661 0.5812575221061707 0.39181482791900635 -0.10124858468770981 0.5148515105247498 0.2559416592121124 -0.02909163385629654 0.5824476480484009 0.3112364113330841 -0.06937225908041 0.5677375793457031 0.36945435404777527 -0.09715220332145691 0.5443788766860962 0.3646657168865204 -0.11657906323671341 0.4705590009689331 0.26977917551994324 -0.03457920625805855 0.5530418753623962 0.3557165563106537 -0.07061019539833069 0.5368629097938538 0.41053763031959534 -0.08405647426843643 0.5148700475692749 0.3970378041267395 -0.09343326091766357 0.434589684009552 0.3122168779373169 -0.04563493654131889 0.5137714743614197 0.4046749770641327 -0.0744749903678894 0.5014050006866455 0.4464534819126129 -0.07328871637582779 0.48036569356918335 0.42976516485214233 -0.07257871329784393 0.40919482707977295 0.3704357445240021 -0.061495836824178696 0.4754882752895355 0.4499044120311737 -0.07932280749082565 0.46543407440185547 0.47724828124046326 -0.08221607655286789 0.44271939992904663 0.46142280101776123 -0.08388902246952057
0.42604559659957886 0.5523689985275269 -3.1158910474005097e-07 0.5022091269493103 0.5191478729248047 -0.03389812260866165 0.5630218386650085 0.46339958906173706 -0.06184746325016022 0.5935072302818298 0.41898712515830994 -0.08858487010002136 0.5731512308120728 0.397477388381958 -0.10867051780223846 0.5086294412612915 0.26042765378952026 -0.028075233101844788 0.5724267363548279 0.3101733922958374 -0.07051566243171692 0.5587218403816223 0.36665791273117065 -0.09827069193124771 0.5348310470581055 0.3624882996082306 -0.1171354129910469 0.4629020690917969 0.2716754078865051 -0.034137025475502014 0.5414211750030518 0.3538171350955963 -0.07357478141784668 0.5262974500656128 0.4107474386692047 -0.0872664526104927 0.5045695900917053 0.39437469840049744 -0.09559547901153564 0.42596185207366943 0.31310930848121643 -0.04647579789161682 0.5043383240699768 0.40474289655685425 -0.07819858938455582 0.49214687943458557 0.4478936195373535 -0.07663094252347946 0.4708201587200165 0.42834559082984924 -0.07495228201150894 0.40076327323913574 0.37147679924964905 -0.06393014639616013 0.4681093692779541 0.4529035985469818 -0.08367233723402023 0.45627647638320923 0.4815259575843811 -0.08727842569351196 0.4319589138031006 0.46380022168159485 -0.08906027674674988
0.43219783902168274 0.5506391525268555 -3.1999184102460276e-07 0.508521318435669 0.5157465934753418 -0.03143490478396416 0.5683901309967041 0.45955321192741394 -0.0568973682820797 0.5980504751205444 0.4117773473262787 -0.08109647780656815 0.5693404674530029 0.39189523458480835 -0.0989411473274231 0.5044148564338684 0.2615920901298523 -0.02921699918806553 0.5688892006874084 0.3150503635406494 -0.07003243267536163 0.5573878288269043 0.3714563250541687 -0.09672234207391739 0.5363674163818359 0.36876022815704346 -0.11481200158596039 0.4601738154888153 0.27401432394981384 -0.03503580018877983 0.5394301414489746 0.3639502227306366 -0.07319760322570801 0.5248159766197205 0.41580018401145935 -0.08654626458883286 0.5040647387504578 0.4015042781829834 -0.09486319869756699 0.424803763628006 0.31554722785949707 -0.046453434973955154 0.5010101199150085 0.4151577949523926 -0.07646238803863525 0.4890226423740387 0.4537684917449951 -0.07535331696271896 0.46959424018859863 0.43461278080940247 -0.07421740144491196 0.4000937044620514 0.3728906214237213 -0.06273558735847473 0.46340611577033997 0.4607541561126709 -0.08212583512067795 0.4537799060344696 0.4863584637641907 -0.08658580482006073 0.43303918838500977 0.4674028754234314 -0.08898801356554031
0.44167256355285645 0.5581220984458923 -3.6872827990919177e-07 0.5134292244911194 0.5254729986190796 -0.029111899435520172 0.573157787322998 0.46737614274024963 -0.05213424563407898 0.6023108959197998 0.42153269052505493 -0.0740777999162674 0.5753051042556763 0.40547195076942444 -0.09004614502191544 0.5140661597251892 0.2698085308074951 -0.025736885145306587 0.5754463076591492 0.32718053460121155 -0.0641033798456192 0.5626012086868286 0.3846135139465332 -0.09025329351425171 0.542100727558136 0.378786563873291 -0.10882075130939484 0.46708640456199646 0.28048282861709595 -0.03212321549654007 0.5413283109664917 0.3715822696685791 -0.06663331389427185 0.5265280604362488 0.4239230155944824 -0.07950764149427414 0.5066332221031189 0.40751874446868896 -0.08835726231336594 0.4292466342449188 0.32226282358169556 -0.043724607676267624 0.5017793774604797 0.417044997215271 -0.07115640491247177 0.4926544427871704 0.45761486887931824 -0.06980220228433609 0.47547295689582825 0.43836280703544617 -0.06911922246217728 0.4030156135559082 0.37954655289649963 -0.059946462512016296 0.46446293592453003 0.463571697473526 -0.07729126513004303 0.4583684206008911 0.4901745319366455 -0.08025123178958893 0.44049781560897827 0.47208675742149353 -0.08180767297744751
0.45086470246315 0.5585695505142212 -3.524889393702324e-07 0.5197767019271851 0.5222762823104858 -0.026044687256217003 0.5768368244171143 0.46023085713386536 -0.04795683175325394 0.6018511652946472 0.4052236080169678 -0.06905984878540039 0.5731279850006104 0.3670865595340729 -0.084809809923172 0.5129476189613342 0.2693024277687073 -0.02404920943081379 0.5798895359039307 0.3005000054836273 -0.06193408742547035 0.5762035846710205 0.37321799993515015 -0.08581679314374924 0.5599343776702881 0.3913661539554596 -0.10010756552219391 0.46951282024383545 0.27548763155937195 -0.02999338135123253 0.5441805720329285 0.3391633927822113 -0.06257384270429611 0.5388802289962769 0.41150760650634766 -0.07309409976005554 0.5219526290893555 0.4173418879508972 -0.07805484533309937 0.43246662616729736 0.31152644753456116 -0.04077784717082977 0.5062418580055237 0.3887465000152588 -0.06854627281427383 0.5020660758018494 0.44804251194000244 -0.06520167738199234 0.4841509163379669 0.44773513078689575 -0.060923125594854355 0.40472638607025146 0.3640739619731903 -0.05511153116822243 0.467403382062912 0.43406492471694946 -0.0708920806646347 0.46652352809906006 0.47768235206604004 -0.06865235418081284 0.44938698410987854 0.4771295487880707 -0.06481462717056274
0.46372681856155396 0.5626933574676514 -3.9192329381876334e-07 0.5271226167678833 0.5177710056304932 -0.0221249982714653 0.5827983021736145 0.4427528977394104 -0.04000695049762726 0.6015133261680603 0.37933069467544556 -0.05823063105344772 0.5669273734092712 0.344878613948822 -0.0705476701259613 0.5069759488105774 0.27540796995162964 -0.01406147051602602 0.572684109210968 0.274427205324173 -0.05101519450545311 0.5708935260772705 0.3576056957244873 -0.07226747274398804 0.5505850911140442 0.3740236461162567 -0.0836327075958252 0.4665345549583435 0.27189236879348755 -0.020458579063415527 0.538250744342804 0.31011489033699036 -0.050688236951828 0.5345715284347534 0.398784339427948 -0.05766743794083595 0.5117682814598083 0.3972567319869995 -0.05888766422867775 0.4320374131202698 0.2970461845397949 -0.0320279635488987 0.5035349726676941 0.3436841368675232 -0.06053489074110985 0.5022748708724976 0.4198223650455475 -0.052379388362169266 0.48028409481048584 0.4185378849506378 -0.043036554008722305 0.40373584628105164 0.33636754751205444 -0.046332668513059616 0.46493834257125854 0.37267088890075684 -0.05974576249718666 0.46859464049339294 0.4273717403411865 -0.05010798200964928 0.4498371481895447 0.43430566787719727 -0.03991001844406128
0.46587443351745605 0.5617151260375977 -4.479049664496415e-07 0.5273777842521667 0.5174741148948669 -0.01873093470931053 0.5802348256111145 0.4451552629470825 -0.035657186061143875 0.603801965713501 0.3856632113456726 -0.0535869263112545 0.5775940418243408 0.34432539343833923 -0.065653495490551 0.5116544961929321 0.2737705111503601 -0.009949375875294209 0.5768706202507019 0.2800641655921936 -0.044407591223716736 0.5759599208831787 0.3570544421672821 -0.06422646343708038 0.5522551536560059 0.37056592106819153 -0.0748499184846878 0.4711131751537323 0.27194592356681824 -0.01754104718565941 0.5447331666946411 0.3179444372653961 -0.04372209310531616 0.5426331758499146 0.39924752712249756 -0.049619778990745544 0.5167958736419678 0.394112765789032 -0.051420021802186966 0.4363483190536499 0.2980422377586365 -0.029998833313584328 0.5084564685821533 0.34377744793891907 -0.05638815462589264 0.5104245543479919 0.41671326756477356 -0.04743759706616402 0.48643922805786133 0.41678664088249207 -0.03844274580478668 0.4072350263595581 0.33920544385910034 -0.04502726346254349 0.4693928360939026 0.3727220892906189 -0.05883059650659561 0.47584468126296997 0.4264221489429474 -0.04890449345111847 0.45650845766067505 0.4343710243701935 -0.03835134580731392
0.46371617913246155 0.5726814866065979 -5.021734068577643e-07 0.529860258102417 0.5316113829612732 -0.016971006989479065 0.5838526487350464 0.4628254771232605 -0.034199830144643784 0.6080326437950134 0.40620675683021545 -0.053566038608551025 0.5832071304321289 0.3647856116294861 -0.06705732643604279 0.5252183079719543 0.2825380861759186 -0.004700367338955402 0.5882197022438049 0.29653751850128174 -0.0432807058095932 0.586818277835846 0.3716142773628235 -0.06623920798301697 0.5674896836280823 0.3887127935886383 -0.0782693475484848 0.48299816250801086 0.2798502743244171 -0.014563102275133133 0.5559247136116028 0.3328031897544861 -0.045091643929481506 0.551392674446106 0.4164173901081085 -0.05268508940935135 0.5294373035430908 0.4112001359462738 -0.05403291806578636 0.44716113805770874 0.3061084747314453 -0.030011411756277084 0.5200248956680298 0.36962634325027466 -0.058441162109375 0.5179660320281982 0.4388130307197571 -0.050237029790878296 0.49626749753952026 0.4308623671531677 -0.041049450635910034 0.41833218932151794 0.3484741151332855 -0.04832690209150314 0.4797251522541046 0.39728227257728577 -0.06124196946620941 0.48080283403396606 0.44942599534988403 -0.05126775801181793 0.46006616950035095 0.4510643184185028 -0.04083342105150223
0.46260958909988403 0.5768229961395264 -4.3992471887577267e-07 0.5296507477760315 0.5369250774383545 -0.01659623347222805 0.5856410264968872 0.47693485021591187 -0.036684803664684296 0.6173543930053711 0.42437830567359924 -0.059525784105062485 0.5946604013442993 0.38209572434425354 -0.07660864293575287 0.5303459763526917 0.28904587030410767 -0.005967400968074799 0.5979518294334412 0.3097979724407196 -0.044812001287937164 0.5905874967575073 0.380750447511673 -0.06807348132133484 0.567234992980957 0.3896056115627289 -0.08110260218381882 0.48947471380233765 0.2878625988960266 -0.017938222736120224 0.5679285526275635 0.3379552364349365 -0.05041659250855446 0.5578041076660156 0.42106959223747253 -0.058672599494457245 0.5352413654327393 0.4122828543186188 -0.05993978679180145 0.45457667112350464 0.31403571367263794 -0.03519536927342415 0.5295031070709229 0.37920650839805603 -0.06455830484628677 0.5234163403511047 0.4474533200263977 -0.056629400700330734 0.5016010403633118 0.4350055456161499 -0.047443095594644547 0.42650550603866577 0.35686159133911133 -0.055342815816402435 0.4887281060218811 0.4108658730983734 -0.0688401535153389 0.4864920675754547 0.45962613821029663 -0.059559550136327744 0.4652872681617737 0.4558027386665344 -0.049826886504888535
0.4613387882709503 0.5830562114715576 -3.878869847540045e-07 0.5311148166656494 0.5417906045913696 -0.020262086763978004 0.5866414904594421 0.481941819190979 -0.04184708371758461 0.6196222901344299 0.42986929416656494 -0.06539548188447952 0.5989188551902771 0.3866652548313141 -0.08293356001377106 0.5295095443725586 0.29248568415641785 -0.01060598436743021 0.5994064807891846 0.31498798727989197 -0.04992561414837837 0.5913934111595154 0.3866111636161804 -0.07315424084663391 0.5685753226280212 0.39533528685569763 -0.0862346887588501 0.48802706599235535 0.29419901967048645 -0.021074455231428146 0.5699511170387268 0.3457118272781372 -0.05433613434433937 0.5580623149871826 0.427428662776947 -0.06270793080329895 0.5352782607078552 0.4185580015182495 -0.06434376537799835 0.45338377356529236 0.3230210244655609 -0.03695961460471153 0.5322688817977905 0.38729527592658997 -0.06703176349401474 0.5236998796463013 0.4549427628517151 -0.059417083859443665 0.5007457733154297 0.4447592496871948 -0.05043652281165123 0.42600777745246887 0.3683222830295563 -0.05592583492398262 0.4905935227870941 0.41893553733825684 -0.07073801010847092 0.4874477982521057 0.4655597507953644 -0.06234278902411461 0.46620702743530273 0.4621036648750305 -0.05309092253446579
0.453188955783844 0.5864199995994568 -3.8881555042280525e-07 0.5251291990280151 0.5460511445999146 -0.022151147946715355 0.5817376971244812 0.4874604344367981 -0.044238630682229996 0.6128555536270142 0.43479517102241516 -0.06770901381969452 0.5881004333496094 0.3968336880207062 -0.08524330705404282 0.5232124328613281 0.2940044403076172 -0.011826349422335625 0.5923243165016174 0.3192756175994873 -0.05105935037136078 0.5836486220359802 0.39011043310165405 -0.07641520351171494 0.5602819919586182 0.3985200822353363 -0.09160551428794861 0.48294633626937866 0.29690924286842346 -0.021542126312851906 0.5641858577728271 0.35278862714767456 -0.05413658171892166 0.5535931587219238 0.429422527551651 -0.06451444327831268 0.5308388471603394 0.42294833064079285 -0.06849785894155502 0.44855406880378723 0.3278476297855377 -0.03670724108815193 0.5266788601875305 0.3934077024459839 -0.06571170687675476 0.5196956992149353 0.457025945186615 -0.060224246233701706 0.4974481463432312 0.44842031598091125 -0.05333215370774269 0.42135244607925415 0.37644505500793457 -0.05521906167268753 0.48494473099708557 0.4282485842704773 -0.06983229517936707 0.4823548197746277 0.4718669056892395 -0.0631914883852005 0.4614785611629486 0.4680722951889038 -0.055585332214832306
0.44076135754585266 0.5815772414207458 -3.4321715247642715e-07 0.5119773745536804 0.5389216542243958 -0.01864263042807579 0.5668395757675171 0.48151645064353943 -0.03808186948299408 0.5991472005844116 0.4334961771965027 -0.059662748128175735 0.5825952291488647 0.3973754048347473 -0.0758848786354065 0.5069549083709717 0.2922384738922119 -0.007469673175364733 0.5763837099075317 0.3182852268218994 -0.04606539011001587 0.5676621198654175 0.38520994782447815 -0.07234422117471695 0.5462766289710999 0.3951430022716522 -0.08815014362335205 0.46710968017578125 0.2964465320110321 -0.01845826953649521 0.5509598255157471 0.34891659021377563 -0.05247098580002785 0.5383923649787903 0.4209078252315521 -0.06546914577484131 0.5150349140167236 0.4210274815559387 -0.07074310630559921 0.4333004355430603 0.32669535279273987 -0.03460291773080826 0.5155333280563354 0.3887009918689728 -0.06463039666414261 0.5068734288215637 0.4499055743217468 -0.061602454632520676 0.4855209290981293 0.4452304542064667 -0.055550411343574524 0.4077233374118805 0.37458041310310364 -0.053738366812467575 0.47659832239151 0.4229871332645416 -0.06859713792800903 0.4720675051212311 0.46820658445358276 -0.06280045211315155 0.45107319951057434 0.46761149168014526 -0.055625155568122864
0.5118485689163208 0.650253415107727 3.7264712204887473e-07 0.5829954743385315 0.5979198217391968 -0.014680828899145126 0.6351161599159241 0.5361151695251465 -0.0326494425535202 0.6819700002670288 0.4989483058452606 -0.054247185587882996 0.7193167209625244 0.45992186665534973 -0.07508376240730286 0.595629096031189 0.40860533714294434 -0.013230504468083382 0.6474530696868896 0.34887176752090454 -0.05976724997162819 0.6800513863563538 0.3873833417892456 -0.09709111601114273 0.6978009939193726 0.4371548891067505 -0.11596650630235672 0.5661059617996216 0.39818787574768066 -0.02804275043308735 0.5938087105751038 0.2959827184677124 -0.05816059932112694 0.6340708136558533 0.24927422404289246 -0.08253537863492966 0.6701111793518066 0.21437667310237885 -0.09911716729402542 0.532899796962738 0.41776394844055176 -0.04904787987470627 0.546109139919281 0.31152352690696716 -0.0775555744767189 0.5738266110420227 0.24629426002502441 -0.09495101869106293 0.6030834317207336 0.19234585762023926 -0.10546824336051941 0.5009798407554626 0.4577684700489044 -0.0718953087925911 0.5009137392044067 0.3741505742073059 -0.09267321974039078 0.5191549062728882 0.31733840703964233 -0.09830467402935028 0.5433346033096313 0.26671117544174194 -0.1013304591178894
0.517401397228241 0.6448495388031006 4.1011969642568147e-07 0.5868496894836426 0.5955844521522522 -0.016643716022372246 0.6385942697525024 0.5330798625946045 -0.03536830469965935 0.6856944561004639 0.4967271685600281 -0.057273030281066895 0.7234971523284912 0.46028420329093933 -0.07823235541582108 0.6029303073883057 0.4030100107192993 -0.01582358218729496 0.6552600264549255 0.34562408924102783 -0.063022181391716 0.6859700083732605 0.38638484477996826 -0.10025819391012192 0.7031142115592957 0.4362587630748749 -0.11880217492580414 0.5731127858161926 0.39348289370536804 -0.02984175644814968 0.604554295539856 0.29199278354644775 -0.060470856726169586 0.6449452042579651 0.24332325160503387 -0.08448947966098785 0.6814239025115967 0.20440678298473358 -0.10045301914215088 0.539729654788971 0.41353484988212585 -0.050142478197813034 0.5558405518531799 0.30875539779663086 -0.07854669541120529 0.5835298299789429 0.24491144716739655 -0.09469059109687805 0.6127168536186218 0.19177189469337463 -0.10389529913663864 0.5074794292449951 0.45402035117149353 -0.07256878912448883 0.5083107948303223 0.36853545904159546 -0.09235573559999466 0.5267012119293213 0.31144702434539795 -0.09668121486902237 0.551328182220459 0.26140284538269043 -0.0985264852643013
0.5159942507743835 0.6455077528953552 4.3768247337538924e-07 0.585704505443573 0.5954411029815674 -0.01875990442931652 0.6370737552642822 0.5373305082321167 -0.03939460963010788 0.6844262480735779 0.501052975654602 -0.06318681687116623 0.7259806394577026 0.4627671539783478 -0.0859798938035965 0.5996326208114624 0.40850499272346497 -0.015938179567456245 0.6536315679550171 0.34754106402397156 -0.06583395600318909 0.6861912608146667 0.3903281092643738 -0.10624879598617554 0.7044177055358887 0.44094303250312805 -0.12666718661785126 0.5711793303489685 0.39775338768959045 -0.028959229588508606 0.6038929224014282 0.296111524105072 -0.06101105362176895 0.6464511752128601 0.24522294104099274 -0.08760856837034225 0.6843395233154297 0.20263926684856415 -0.10570570081472397 0.5385754108428955 0.416646271944046 -0.0486481748521328 0.5554500222206116 0.3087823987007141 -0.078631192445755 0.584443211555481 0.24512572586536407 -0.09691096097230911 0.6144147515296936 0.19298401474952698 -0.1074611246585846 0.5058872699737549 0.45545127987861633 -0.07052437961101532 0.5085968971252441 0.3707929253578186 -0.09136927127838135 0.529560923576355 0.3154248893260956 -0.09682327508926392 0.5558472275733948 0.26874256134033203 -0.09941840171813965
0.5122605562210083 0.643631100654602 4.348553090949281e-07 0.5794112682342529 0.5963498950004578 -0.018530355766415596 0.6316769123077393 0.5367894768714905 -0.03862198069691658 0.6790638566017151 0.4998941421508789 -0.06170793995261192 0.7194298505783081 0.461611270904541 -0.08417568355798721 0.5977673530578613 0.41225337982177734 -0.01959574595093727 0.6498955488204956 0.3471364974975586 -0.06900299340486526 0.6822269558906555 0.38474351167678833 -0.10822533816099167 0.7003872990608215 0.4326469898223877 -0.12781348824501038 0.567677915096283 0.4009343087673187 -0.032471753656864166 0.5994449257850647 0.2974573075771332 -0.06438154727220535 0.641423761844635 0.24753642082214355 -0.09015240520238876 0.6792284250259399 0.20808766782283783 -0.10754045844078064 0.5336201190948486 0.418436199426651 -0.05160808190703392 0.5520208477973938 0.31002146005630493 -0.08146044611930847 0.5820221304893494 0.2466418445110321 -0.09954996407032013 0.6130713224411011 0.19500386714935303 -0.11003685742616653 0.499517023563385 0.4554089307785034 -0.07281623780727386 0.50583815574646 0.3694568872451782 -0.09405016899108887 0.5269225835800171 0.31428635120391846 -0.1000218316912651 0.5530792474746704 0.2680133581161499 -0.10292545706033707
0.5203672647476196 0.6384009122848511 4.5398647330330277e-07 0.5873045921325684 0.5916426777839661 -0.014891518279910088 0.6395021080970764 0.5292319655418396 -0.03198954463005066 0.6862449645996094 0.49347010254859924 -0.05211920291185379 0.7240756154060364 0.45718008279800415 -0.07150892913341522 0.6007518768310547 0.40037262439727783 -0.015278519131243229 0.655434250831604 0.34153687953948975 -0.05921555683016777 0.6885024309158325 0.37826961278915405 -0.09359666705131531 0.7077544927597046 0.4271490275859833 -0.11027061939239502 0.5709823369979858 0.3885757625102997 -0.029333410784602165 0.6047286987304688 0.28619617223739624 -0.057324349880218506 0.6472133994102478 0.24075525999069214 -0.07914099842309952 0.6852720975875854 0.2097095400094986 -0.09322865307331085 0.5378342866897583 0.406655877828598 -0.04909805580973625 0.5535931587219238 0.3010435700416565 -0.0754108875989914 0.5849736928939819 0.2409001737833023 -0.09057611972093582 0.6178700923919678 0.196187824010849 -0.09891057759523392 0.5063870549201965 0.4452242851257324 -0.07074157148599625 0.5093376040458679 0.35921552777290344 -0.08928697556257248 0.5300481915473938 0.3048083186149597 -0.09281280636787415 0.5569921135902405 0.2619621455669403 -0.09374479204416275
0.5345130562782288 0.6351881623268127 4.54499911484163e-07 0.6015136241912842 0.5916138291358948 -0.013647357001900673 0.6575021743774414 0.5279295444488525 -0.028171299025416374 0.704278290271759 0.4911155700683594 -0.0461074598133564 0.7421294450759888 0.457593709230423 -0.06279715895652771 0.6074588894844055 0.39371493458747864 -0.005122332368046045 0.6760565042495728 0.3408697545528412 -0.04582124203443527 0.7130848169326782 0.3808583915233612 -0.08006840944290161 0.7317075133323669 0.4333578944206238 -0.0963197574019432 0.5828129053115845 0.37944480776786804 -0.018230291083455086 0.6278204321861267 0.2825067937374115 -0.0415903776884079 0.6752879619598389 0.23897480964660645 -0.06251805275678635 0.718122661113739 0.2122647762298584 -0.07592897117137909 0.5534753799438477 0.3937944173812866 -0.037520479410886765 0.5792515873908997 0.29439762234687805 -0.059421077370643616 0.6168463230133057 0.23899942636489868 -0.07428302615880966 0.6551339626312256 0.199903666973114 -0.08267295360565186 0.5242933630943298 0.4290080964565277 -0.05887095257639885 0.5302667617797852 0.34932708740234375 -0.07299128919839859 0.5516380071640015 0.29955804347991943 -0.07410873472690582 0.5789921283721924 0.2640223503112793 -0.07339410483837128
0.5575461983680725 0.6346465945243835 4.863009053224232e-07 0.6242809891700745 0.5927967429161072 -0.01386245060712099 0.6813098192214966 0.5299085378646851 -0.030595114454627037 0.7322570085525513 0.4931126832962036 -0.050211384892463684 0.7735040187835693 0.46617624163627625 -0.06905584037303925 0.6299834847450256 0.3936349153518677 -0.013063764199614525 0.7054814100265503 0.3479965627193451 -0.05466451868414879 0.7428442239761353 0.3852258026599884 -0.08856615424156189 0.7623652219772339 0.43427368998527527 -0.10528087615966797 0.6069073677062988 0.38159945607185364 -0.027519771829247475 0.6601043939590454 0.2797420620918274 -0.054338980466127396 0.7137724161148071 0.23736724257469177 -0.07532056421041489 0.7622025012969971 0.21416142582893372 -0.08818590641021729 0.5781407356262207 0.3975694179534912 -0.04761354625225067 0.6109163165092468 0.29074010252952576 -0.07368472218513489 0.6576123237609863 0.23584668338298798 -0.0903574749827385 0.702580451965332 0.19975343346595764 -0.09911095350980759 0.5489012002944946 0.4339459240436554 -0.0693788155913353 0.5584821105003357 0.3455503582954407 -0.08773612231016159 0.5844021439552307 0.29341888427734375 -0.09130438417196274 0.6149073839187622 0.25825273990631104 -0.09195400029420853
0.5792222619056702 0.6268999576568604 3.8063780039010453e-07 0.6516140699386597 0.5892232060432434 -0.008099867962300777 0.7130764126777649 0.5253121852874756 -0.02028118446469307 0.7627866268157959 0.4896632134914398 -0.037589021027088165 0.8074306845664978 0.4635467827320099 -0.054601751267910004 0.6695859432220459 0.3901316821575165 0.003712644102051854 0.7405436038970947 0.3517659306526184 -0.03642266243696213 0.7786574363708496 0.38839682936668396 -0.0722520723938942 0.8016997575759888 0.4343760013580322 -0.09069433063268661 0.650190532207489 0.3735116124153137 -0.012656445614993572 0.7026159763336182 0.2806788980960846 -0.03871014341711998 0.7548701167106628 0.2394731193780899 -0.06103752553462982 0.8033263683319092 0.2150060385465622 -0.07485523074865341 0.6243536472320557 0.38115930557250977 -0.035238273441791534 0.6633046269416809 0.2802172303199768 -0.06019020080566406 0.7089144587516785 0.2293323129415512 -0.07660704851150513 0.7521930932998657 0.19573380053043365 -0.08478118479251862 0.5970571637153625 0.40688779950141907 -0.059625234454870224 0.6143863797187805 0.3191254436969757 -0.07617348432540894 0.6441500186920166 0.26902154088020325 -0.07956454902887344 0.6782047152519226 0.2392132431268692 -0.08014653623104095
0.6018833518028259 0.6331369280815125 4.078266613305459e-07 0.6786216497421265 0.595845639705658 -0.007947472855448723 0.7419913411140442 0.5364583730697632 -0.02121010422706604 0.7956643104553223 0.5039191246032715 -0.039259571582078934 0.8405236601829529 0.47504523396492004 -0.056585635989904404 0.7016451954841614 0.4057601988315582 -0.002908912021666765 0.7724650502204895 0.36196619272232056 -0.043226055800914764 0.8095909953117371 0.3998164236545563 -0.07766104489564896 0.8318231105804443 0.44787460565567017 -0.09502206742763519 0.680783212184906 0.39083603024482727 -0.01954384334385395 0.7356945276260376 0.29332107305526733 -0.04374517500400543 0.7875597476959229 0.25402915477752686 -0.0635652169585228 0.8355428576469421 0.23220670223236084 -0.07599301636219025 0.6538379788398743 0.40500757098197937 -0.04191415756940842 0.6895363330841064 0.30348294973373413 -0.06495141237974167 0.7294888496398926 0.25282415747642517 -0.07882736623287201 0.7697710990905762 0.22092212736606598 -0.08593939989805222 0.6280333399772644 0.4384865462779999 -0.06601943075656891 0.6472015976905823 0.35362982749938965 -0.0814233273267746 0.6727061867713928 0.30386900901794434 -0.08318796753883362 0.7014046311378479 0.272536039352417 -0.08276911824941635
0.5996802449226379 0.635772705078125 4.4782029817724833e-07 0.6760813593864441 0.597528338432312 -0.011882630176842213 0.741098165512085 0.5408023595809937 -0.025890791788697243 0.7976557016372681 0.5091985464096069 -0.043576035648584366 0.8441935777664185 0.48186057806015015 -0.059898484498262405 0.7008457779884338 0.40822312235832214 -0.0006710577290505171 0.7683994770050049 0.362168550491333 -0.041563376784324646 0.8059695959091187 0.39787524938583374 -0.07787488400936127 0.8260241746902466 0.4474019408226013 -0.09643092751502991 0.6792734861373901 0.3927537202835083 -0.015034676529467106 0.7311769723892212 0.2992417812347412 -0.039365027099847794 0.7845436334609985 0.2586294412612915 -0.06239936500787735 0.831546425819397 0.23328474164009094 -0.07771727442741394 0.6530612111091614 0.4059913456439972 -0.03562654182314873 0.6890648007392883 0.3094369173049927 -0.05853857100009918 0.7309211492538452 0.2573621869087219 -0.07438603788614273 0.7713448405265808 0.2210233211517334 -0.08371049165725708 0.626918613910675 0.4387003183364868 -0.05831913650035858 0.6435643434524536 0.36256441473960876 -0.0735207125544548 0.6665701866149902 0.31468069553375244 -0.07573912292718887 0.6915321350097656 0.2808937728404999 -0.07608120143413544
0.5791210532188416 0.6391421556472778 4.2821977785933996e-07 0.6558948159217834 0.5992018580436707 -0.0059034558944404125 0.7182644009590149 0.5397987365722656 -0.015079273842275143 0.7724425792694092 0.5079894065856934 -0.029726631939411163 0.8149185180664062 0.48027047514915466 -0.04337527975440025 0.6776430606842041 0.39982354640960693 0.012645727023482323 0.7426382899284363 0.3603067398071289 -0.02396746352314949 0.7817416787147522 0.3986426293849945 -0.05821437016129494 0.8049531579017639 0.4474588930606842 -0.07623185217380524 0.6590661406517029 0.3838968873023987 -0.003949088044464588 0.7107039093971252 0.2987382709980011 -0.02554982900619507 0.765177845954895 0.2627258896827698 -0.04696105420589447 0.8127774596214294 0.24115492403507233 -0.06151941046118736 0.633959174156189 0.3927615284919739 -0.02716413140296936 0.6700351238250732 0.29927098751068115 -0.04812585562467575 0.7152063250541687 0.25161945819854736 -0.063617043197155 0.7584728002548218 0.22223563492298126 -0.07241617143154144 0.6074104309082031 0.42131245136260986 -0.052468255162239075 0.6256427764892578 0.33868923783302307 -0.06703784316778183 0.6556959748268127 0.29068538546562195 -0.0708533450961113 0.6895264983177185 0.26178914308547974 -0.07224263995885849
0.5555449724197388 0.6345690488815308 4.855080533161527e-07 0.6282747983932495 0.5914674997329712 -0.011276967823505402 0.686934232711792 0.5346482396125793 -0.02576666884124279 0.7375019192695618 0.500027060508728 -0.04481491073966026 0.7814351320266724 0.47123318910598755 -0.06289740651845932 0.6498034596443176 0.39444273710250854 0.0001713072560960427 0.7157600522041321 0.3551906645298004 -0.0401298925280571 0.7524529099464417 0.3957686722278595 -0.07595489919185638 0.7760302424430847 0.4416619539260864 -0.09512749314308167 0.6283653974533081 0.3781496286392212 -0.015324079431593418 0.6796991229057312 0.28937822580337524 -0.04121346026659012 0.7320006489753723 0.25272512435913086 -0.06367930769920349 0.78043532371521 0.22880223393440247 -0.07858961075544357 0.5997227430343628 0.38813039660453796 -0.03719482198357582 0.6341385841369629 0.29212695360183716 -0.061709363013505936 0.6778218746185303 0.24645860493183136 -0.07707460969686508 0.7214041948318481 0.21833667159080505 -0.08527295291423798 0.5690587759017944 0.41885972023010254 -0.06132477521896362 0.5870019197463989 0.33485734462738037 -0.0779392272233963 0.6164281368255615 0.2873683273792267 -0.08156079053878784 0.6501498222351074 0.2584560513496399 -0.08251944929361343
0.5307911038398743 0.6282443404197693 4.23636691948559e-07 0.604353666305542 0.5842875242233276 -0.009335954673588276 0.6645201444625854 0.5243469476699829 -0.022862140089273453 0.7142903804779053 0.49055537581443787 -0.0412294827401638 0.7513244152069092 0.46131783723831177 -0.05853692814707756 0.6188008189201355 0.38478782773017883 0.002668576082214713 0.689301073551178 0.3445533812046051 -0.039915263652801514 0.7267786264419556 0.38948342204093933 -0.07769913226366043 0.747647762298584 0.4443449378013611 -0.09674648940563202 0.5969692468643188 0.3698351979255676 -0.014078122563660145 0.6469521522521973 0.27639827132225037 -0.04041791334748268 0.7011473774909973 0.24212443828582764 -0.06348401308059692 0.7491633296012878 0.225134015083313 -0.07759512960910797 0.5699687004089355 0.3830496072769165 -0.03730187565088272 0.6046276092529297 0.28396719694137573 -0.06174284964799881 0.6526312828063965 0.2361082285642624 -0.07784993201494217 0.6987480521202087 0.20541737973690033 -0.0859905332326889 0.5432859659194946 0.4181594252586365 -0.06258557736873627 0.5535926222801208 0.33370235562324524 -0.07817485928535461 0.5805331468582153 0.2843197286128998 -0.08072978258132935 0.6131219863891602 0.2522091269493103 -0.08055870234966278
0.5026085376739502 0.6273008584976196 3.7150445564293477e-07 0.5742365717887878 0.582096517086029 -0.010484814643859863 0.631409764289856 0.5258474946022034 -0.02344205416738987 0.678949236869812 0.4894478917121887 -0.041161298751831055 0.7147424817085266 0.4588976204395294 -0.058102842420339584 0.5949135422706604 0.39292916655540466 0.0024300827644765377 0.6559473872184753 0.34217581152915955 -0.04032232239842415 0.6890406608581543 0.38378798961639404 -0.07823075354099274 0.7074147462844849 0.4332045912742615 -0.09697593748569489 0.5700833797454834 0.374893456697464 -0.011923526413738728 0.6143949031829834 0.280232310295105 -0.03565569594502449 0.6601541042327881 0.24156376719474792 -0.05658015236258507 0.7010132074356079 0.21591149270534515 -0.07001570612192154 0.5389189720153809 0.38360244035720825 -0.03304174914956093 0.5661559104919434 0.2854454517364502 -0.054467931389808655 0.6038417220115662 0.23500892519950867 -0.06798131763935089 0.6416006088256836 0.20052896440029144 -0.07499755918979645 0.5062927007675171 0.41240063309669495 -0.05652688071131706 0.5162472128868103 0.32983171939849854 -0.06905250251293182 0.539921760559082 0.28288745880126953 -0.06971220672130585 0.568850040435791 0.2503369152545929 -0.06854347139596939
0.4752335846424103 0.625096321105957 4.270593763067154e-07 0.5477688908576965 0.5774961709976196 -0.009938720613718033 0.6068471074104309 0.5210394859313965 -0.02216084487736225 0.6539336442947388 0.4826052188873291 -0.0393395833671093 0.6860750913619995 0.4496324360370636 -0.05550713837146759 0.563786506652832 0.3911724090576172 0.0031135783065110445 0.6271644830703735 0.33762481808662415 -0.03714371472597122 0.6619524955749512 0.3747289478778839 -0.07196445018053055 0.6802135109901428 0.4240628480911255 -0.08852600306272507 0.5381369590759277 0.3733120560646057 -0.011083905585110188 0.5801419019699097 0.27791398763656616 -0.03403337672352791 0.6265974640846252 0.23703759908676147 -0.05459783598780632 0.667022705078125 0.2128252238035202 -0.06770733743906021 0.5062008500099182 0.38126909732818604 -0.03178742155432701 0.5265051126480103 0.2820330560207367 -0.05292242765426636 0.5619982481002808 0.22966787219047546 -0.06807070225477219 0.5983068346977234 0.19604873657226562 -0.07627977430820465 0.47248533368110657 0.4096526503562927 -0.05465666949748993 0.4757045805454254 0.32738035917282104 -0.06711741536855698 0.4953101575374603 0.28039979934692383 -0.06897350400686264 0.5213438868522644 0.24919822812080383 -0.06883076578378677
0.45702338218688965 0.620358407497406 4.1780475612540613e-07 0.5251578688621521 0.5763792991638184 -0.011177358217537403 0.5795891880989075 0.5181195735931396 -0.02387767843902111 0.6226085424423218 0.4809296131134033 -0.04095582664012909 0.6522427797317505 0.4483693242073059 -0.05670374631881714 0.5409347414970398 0.3866249918937683 -6.3011706515681e-05 0.6003142595291138 0.336239755153656 -0.04156642034649849 0.6329923868179321 0.37912777066230774 -0.07764808088541031 0.6491986513137817 0.4291285276412964 -0.09491682797670364 0.5131014585494995 0.3667531907558441 -0.013454302214086056 0.5560898184776306 0.2737005054950714 -0.03536459058523178 0.6003037095069885 0.2333124577999115 -0.055005017668008804 0.6389910578727722 0.2062941938638687 -0.06786177307367325 0.47826552391052246 0.37354975938796997 -0.033344022929668427 0.5011252760887146 0.277271032333374 -0.0529753752052784 0.5334995985031128 0.22605684399604797 -0.06650115549564362 0.566181480884552 0.1890621930360794 -0.0742877870798111 0.44126710295677185 0.403530091047287 -0.05556951090693474 0.44618529081344604 0.3246588408946991 -0.06714680045843124 0.466513454914093 0.2790493369102478 -0.06775824725627899 0.4924377202987671 0.2458709329366684 -0.06703900545835495
0.43624237179756165 0.6143785715103149 4.1481425228084845e-07 0.5032719373703003 0.5709424018859863 -0.011651899665594101 0.5570903420448303 0.5141911506652832 -0.024824852123856544 0.6007392406463623 0.478054940700531 -0.04237831011414528 0.6286693215370178 0.44534802436828613 -0.05867218226194382 0.5219472646713257 0.3811717927455902 -0.0007329877698794007 0.5832318067550659 0.3331482708454132 -0.041267380118370056 0.6149073243141174 0.3764598071575165 -0.07533422857522964 0.6281322836875916 0.42869797348976135 -0.09106429666280746 0.49415600299835205 0.3593312203884125 -0.013752992264926434 0.5338752865791321 0.26527243852615356 -0.036698244512081146 0.577759861946106 0.225538969039917 -0.05570494383573532 0.6160385608673096 0.20281647145748138 -0.06733544170856476 0.45975300669670105 0.36513447761535645 -0.033237528055906296 0.48001188039779663 0.26447999477386475 -0.054696157574653625 0.5111290812492371 0.2122313231229782 -0.06873098760843277 0.5436323881149292 0.1776229739189148 -0.07572443038225174 0.4239252805709839 0.3937273621559143 -0.054846327751874924 0.4317014813423157 0.3104246258735657 -0.0681643858551979 0.4515683054924011 0.26250600814819336 -0.06949711591005325 0.47714757919311523 0.22953683137893677 -0.0684133842587471
0.41842570900917053 0.613034725189209 4.2265946831321344e-07 0.48643606901168823 0.5636513829231262 -0.013102367520332336 0.5392576456069946 0.5051442980766296 -0.026573877781629562 0.5825423002243042 0.4658670127391815 -0.04443933069705963 0.6007087230682373 0.42294806241989136 -0.06086171790957451 0.4979185461997986 0.3751335144042969 -0.0002847303112503141 0.5559733510017395 0.32276445627212524 -0.044613029807806015 0.5866600275039673 0.3661600947380066 -0.08312337100505829 0.599577784538269 0.41955599188804626 -0.10130902379751205 0.4677902162075043 0.35289838910102844 -0.013267094269394875 0.505450963973999 0.25902342796325684 -0.03784912824630737 0.5491846203804016 0.21917134523391724 -0.059583861380815506 0.5875968337059021 0.194324791431427 -0.07319338619709015 0.4307175874710083 0.35995715856552124 -0.0333167128264904 0.44938838481903076 0.26060834527015686 -0.05621549114584923 0.48031893372535706 0.21051335334777832 -0.07150866091251373 0.5129830241203308 0.17520368099212646 -0.07946886867284775 0.39263713359832764 0.39198651909828186 -0.055703192949295044 0.39590346813201904 0.31290966272354126 -0.06995786726474762 0.41304197907447815 0.26671600341796875 -0.07195215672254562 0.436824232339859 0.2323502004146576 -0.07140757888555527
0.4019964635372162 0.6106898188591003 4.1850427123790723e-07 0.466121643781662 0.5603145360946655 -0.01207480113953352 0.515559732913971 0.502443790435791 -0.026401512324810028 0.5539565682411194 0.46397340297698975 -0.045268844813108444 0.5773029923439026 0.42494910955429077 -0.06279837340116501 0.4718276262283325 0.3733943700790405 -0.003345949575304985 0.5309497117996216 0.31872496008872986 -0.04539301246404648 0.5625711679458618 0.3606155216693878 -0.08045941591262817 0.5760522484779358 0.41335052251815796 -0.09627275168895721 0.4416990280151367 0.35089564323425293 -0.016543930396437645 0.4769727289676666 0.2546020448207855 -0.040150683373212814 0.5190752744674683 0.2087760716676712 -0.060560233891010284 0.5562883019447327 0.1821368932723999 -0.0729757696390152 0.40401649475097656 0.3574502170085907 -0.03613090515136719 0.41479969024658203 0.2556149363517761 -0.05868896469473839 0.4436464309692383 0.20243604481220245 -0.07555915415287018 0.4752908945083618 0.16634070873260498 -0.08477459847927094 0.3667265474796295 0.38962411880493164 -0.05748618766665459 0.35613083839416504 0.31301629543304443 -0.07289664447307587 0.3650690019130707 0.2669193744659424 -0.07660656422376633 0.3820115029811859 0.23439106345176697 -0.07713434845209122
0.39084914326667786 0.6105424165725708 3.664004566417134e-07 0.4534249007701874 0.5537664890289307 -0.013818925246596336 0.5000624060630798 0.4965372681617737 -0.030880307778716087 0.5421398282051086 0.46408364176750183 -0.05245409160852432 0.5707641243934631 0.4333341419696808 -0.07281284034252167 0.4619506001472473 0.37024033069610596 -0.006606191396713257 0.5167454481124878 0.3174275755882263 -0.05481845140457153 0.5463213920593262 0.3621143400669098 -0.09506798535585403 0.5604300498962402 0.41233474016189575 -0.11471576243638992 0.4318849444389343 0.35342663526535034 -0.020670365542173386 0.46301692724227905 0.2549764811992645 -0.04990497976541519 0.500081479549408 0.21277393400669098 -0.07317278534173965 0.5335332155227661 0.1828763633966446 -0.08776058256626129 0.395432710647583 0.3649008870124817 -0.041676975786685944 0.4098663926124573 0.25914451479911804 -0.06762231886386871 0.43508002161979675 0.20241913199424744 -0.08442993462085724 0.4631921052932739 0.15589094161987305 -0.09337662160396576 0.3581462800502777 0.3998306095600128 -0.0647960901260376 0.3552478849887848 0.31654125452041626 -0.08126681298017502 0.36943572759628296 0.26214438676834106 -0.08541321009397507 0.3916691839694977 0.21671165525913239 -0.0867399051785469
0.38947516679763794 0.626400887966156 3.3738726301635324e-07 0.4640518128871918 0.5531460046768188 0.010334947146475315 0.5158118009567261 0.4808255434036255 0.004929262679070234 0.5599965453147888 0.4445290267467499 -0.009438106790184975 0.6073276996612549 0.4209364652633667 -0.024417072534561157 0.45644980669021606 0.36466389894485474 0.029612591490149498 0.5222103595733643 0.3062233626842499 0.006389256101101637 0.5736204981803894 0.30144134163856506 -0.018260296434164047 0.6141810417175293 0.3113251328468323 -0.0348699726164341 0.44104743003845215 0.3652677834033966 0.00539743434637785 0.5054835081100464 0.28898555040359497 -0.022197110578417778 0.5580020546913147 0.29957711696624756 -0.04488623887300491 0.5951094627380371 0.32961928844451904 -0.05546937882900238 0.4260568916797638 0.38242995738983154 -0.02229456603527069 0.4738035798072815 0.2987057864665985 -0.03999000042676926 0.5172879099845886 0.2734309434890747 -0.04891015961766243 0.5501148700714111 0.2628535330295563 -0.05260038375854492 0.4138873517513275 0.4142809212207794 -0.051084551960229874 0.43314293026924133 0.35228005051612854 -0.05946878716349602 0.4524613320827484 0.31844568252563477 -0.05980730801820755 0.4691551923751831 0.2963314652442932 -0.05936335027217865
0.41445302963256836 0.6186509132385254 7.030243409644754e-07 0.4804803431034088 0.5442603826522827 0.009366015903651714 0.5243114233016968 0.46186020970344543 -0.0004727321502286941 0.5741063952445984 0.42247140407562256 -0.016921034082770348 0.6284416317939758 0.40215328335762024 -0.035452015697956085 0.4649357795715332 0.3606478273868561 -0.015280450694262981 0.5322827100753784 0.2912962734699249 -0.04247887060046196 0.5818091034889221 0.2608950734138489 -0.06117571145296097 0.623944878578186 0.2465503066778183 -0.07365777343511581 0.4613054096698761 0.3808624744415283 -0.03912845253944397 0.5320876836776733 0.28743976354599 -0.06430871784687042 0.5895771384239197 0.25640249252319336 -0.08046860992908478 0.6370900869369507 0.2443622201681137 -0.0921410545706749 0.4604451358318329 0.426644891500473 -0.06285789608955383 0.5368091464042664 0.3515503406524658 -0.09154961258172989 0.5872901678085327 0.3669448792934418 -0.1010027825832367 0.6206017732620239 0.38873541355133057 -0.10512985289096832 0.46188944578170776 0.48407694697380066 -0.08505777269601822 0.5077750086784363 0.4438314139842987 -0.10715062916278839 0.5352669954299927 0.427566260099411 -0.11348019540309906 0.5543272495269775 0.4157499372959137 -0.1168937087059021
0.8136142492294312 0.8149532675743103 -1.4662450098512636e-07 0.7652633786201477 0.8139086365699768 -0.0036866236478090286 0.7202926874160767 0.8391035199165344 -0.009332243353128433 0.695422887802124 0.8822920918464661 -0.014201373793184757 0.6946894526481628 0.9223089218139648 -0.01866302825510502 0.7182673215866089 0.845360279083252 -0.021443258970975876 0.6901171207427979 0.9136759042739868 -0.033855780959129333 0.7037007808685303 0.9105110764503479 -0.038956139236688614 0.7179904580116272 0.8897081613540649 -0.03974084183573723 0.7417647838592529 0.8682041168212891 -0.022992510348558426 0.7152381539344788 0.9321961402893066 -0.03183046728372574 0.7249234318733215 0.9248600602149963 -0.03353764861822128 0.7376756072044373 0.9037519097328186 -0.03399405628442764 0.7648953795433044 0.8889228701591492 -0.0238534864038229 0.7397088408470154 0.9458984732627869 -0.030048662796616554 0.7463340759277344 0.9352843165397644 -0.024438457563519478 0.7570934295654297 0.9159401059150696 -0.02005871757864952 0.7858468890190125 0.9065088629722595 -0.02432827651500702 0.7635093331336975 0.954138457775116 -0.02796150930225849 0.7683047652244568 0.9432697296142578 -0.020799405872821808 0.777484118938446 0.9267585277557373 -0.014540750533342361
0.42613935470581055 0.6212776899337769 7.639520731572702e-07 0.44740599393844604 0.5275608897209167 0.0026356251910328865 0.5013746023178101 0.43816184997558594 -0.00947523582726717 0.5658869743347168 0.40041252970695496 -0.024331023916602135 0.6193225383758545 0.37782493233680725 -0.03939474746584892 0.4522791802883148 0.36959928274154663 -0.024808714166283607 0.5409685969352722 0.2907344698905945 -0.04960349202156067 0.5982455015182495 0.24727842211723328 -0.06585840880870819 0.6424158811569214 0.21481159329414368 -0.07742846012115479 0.47162216901779175 0.405161589384079 -0.04453003406524658 0.5624445080757141 0.31049710512161255 -0.06474532932043076 0.6213393807411194 0.26379287242889404 -0.07811567187309265 0.6675702333450317 0.22789227962493896 -0.08885254710912704 0.49857097864151 0.4554153382778168 -0.06411462277173996 0.5759347081184387 0.3512168526649475 -0.08328437060117722 0.6277282238006592 0.30023518204689026 -0.09332100301980972 0.6672077178955078 0.2589864134788513 -0.10166200250387192 0.5321900844573975 0.513488233089447 -0.08306067436933517 0.5798571109771729 0.44887760281562805 -0.09889502823352814 0.6088802218437195 0.4088836908340454 -0.10398416221141815 0.6340817809104919 0.3737606406211853 -0.10843212157487869
0.445556640625 0.6341795325279236 6.170495794322051e-07 0.5238067507743835 0.6336247324943542 -0.019501226022839546 0.5961406230926514 0.5614103078842163 -0.032542675733566284 0.6339082717895508 0.48328670859336853 -0.042088497430086136 0.660449743270874 0.42136329412460327 -0.051931291818618774 0.5545581579208374 0.4929228723049164 -0.04707920178771019 0.619523286819458 0.4208158552646637 -0.07454240322113037 0.6663246154785156 0.37783417105674744 -0.09178212285041809 0.705870509147644 0.343300461769104 -0.10205449908971786 0.5271123647689819 0.4468841254711151 -0.04820604622364044 0.6004996299743652 0.3426407277584076 -0.07056264579296112 0.6496601104736328 0.28247231245040894 -0.08150562644004822 0.6898500919342041 0.2350005805492401 -0.08860109001398087 0.5012668371200562 0.4179258942604065 -0.049664273858070374 0.5654114484786987 0.3034346103668213 -0.07152201235294342 0.6146106719970703 0.24095699191093445 -0.08113216608762741 0.6545051336288452 0.1915515512228012 -0.08710814267396927 0.4754495918750763 0.405534565448761 -0.05151461809873581 0.521552562713623 0.32342588901519775 -0.0683111771941185 0.5552719235420227 0.2869013845920563 -0.071640245616436 0.5820670127868652 0.26362788677215576 -0.07316695153713226
0.5048230290412903 0.6606367230415344 1.9934090289552842e-07 0.4469258785247803 0.558282196521759 -0.005843912251293659 0.42747610807418823 0.44737857580184937 -0.018023809418082237 0.4080743193626404 0.353595495223999 -0.02825879491865635 0.39016127586364746 0.2844598591327667 -0.03590293973684311 0.5000261664390564 0.41571715474128723 -0.04341372475028038 0.5407525897026062 0.2979143559932709 -0.05969620496034622 0.5424541234970093 0.31588441133499146 -0.058559201657772064 0.5373709201812744 0.3512960374355316 -0.05284254252910614 0.5573067665100098 0.4430464208126068 -0.049608130007982254 0.5951348543167114 0.3008778393268585 -0.06739050894975662 0.6170564293861389 0.2268572896718979 -0.07478144019842148 0.6314548254013062 0.16428181529045105 -0.07919604331254959 0.6035484075546265 0.47483888268470764 -0.0538204200565815 0.6515119671821594 0.34820032119750977 -0.071806401014328 0.6842376589775085 0.2701267600059509 -0.08282649517059326 0.707805871963501 0.20196443796157837 -0.08871816098690033 0.6372788548469543 0.5068259239196777 -0.05544658750295639 0.6849303245544434 0.4170859754085541 -0.06568388640880585 0.7151647806167603 0.361572802066803 -0.06569255888462067 0.7392453551292419 0.31194543838500977 -0.06421298533678055
0.5460858941078186 0.6891868114471436 8.515081617588294e-08 0.48703205585479736 0.5975991487503052 -0.01487086433917284 0.4642174541950226 0.48423874378204346 -0.02708263136446476 0.4596520960330963 0.3910042941570282 -0.035954296588897705 0.46261587738990784 0.3190450668334961 -0.0403810553252697 0.5356609225273132 0.45657700300216675 -0.04119371995329857 0.5529415607452393 0.31478458642959595 -0.06437750160694122 0.5447166562080383 0.3256753981113434 -0.07172718644142151 0.5361679792404175 0.36143580079078674 -0.0696907788515091 0.5952363610267639 0.47166210412979126 -0.04159233346581459 0.6184747815132141 0.32186681032180786 -0.0543830581009388 0.6285741329193115 0.23402683436870575 -0.061036232858896255 0.6317118406295776 0.16681188344955444 -0.06604816019535065 0.6404066681861877 0.49397435784339905 -0.04263530299067497 0.6694235801696777 0.3599455952644348 -0.05619504675269127 0.6880983114242554 0.2874829173088074 -0.06396809965372086 0.6973249912261963 0.2341345250606537 -0.06765414029359818 0.6737821102142334 0.5147700905799866 -0.04301166161894798 0.7123509645462036 0.4166596233844757 -0.05302112549543381 0.7365650534629822 0.35302966833114624 -0.053887855261564255 0.7547922134399414 0.29919153451919556 -0.05227572098374367
0.5511886477470398 0.7045944929122925 6.585840850448221e-08 0.49496978521347046 0.604019820690155 -0.015234574675559998 0.47749966382980347 0.5007347464561462 -0.03106294758617878 0.48356178402900696 0.41006508469581604 -0.04095175489783287 0.5111563205718994 0.3455815017223358 -0.046888940036296844 0.5512279272079468 0.49062326550483704 -0.07414919883012772 0.5677441954612732 0.34235459566116333 -0.09348388016223907 0.5396201610565186 0.3281483054161072 -0.08599618822336197 0.5160088539123535 0.3536026179790497 -0.07428590208292007 0.607961118221283 0.5060847401618958 -0.07346415519714355 0.6346354484558105 0.33877840638160706 -0.10169855505228043 0.6338338851928711 0.24676212668418884 -0.10531782358884811 0.6275387406349182 0.18392834067344666 -0.10477841645479202 0.6496371030807495 0.5262584090232849 -0.06950043141841888 0.6913873553276062 0.3812594413757324 -0.09699852019548416 0.7090700268745422 0.289775550365448 -0.10679778456687927 0.7164217829704285 0.22108285129070282 -0.10879097133874893 0.6733980774879456 0.5463042259216309 -0.06265754997730255 0.7200890183448792 0.43424761295318604 -0.0801469162106514 0.743226170539856 0.3681214153766632 -0.0827103927731514 0.7580237984657288 0.31827622652053833 -0.08168067038059235
0.5480242967605591 0.6958979368209839 5.712409034686061e-08 0.4976515769958496 0.5964858531951904 -0.011168578639626503 0.4815860986709595 0.4850116968154907 -0.024339666590094566 0.4933360815048218 0.3888629078865051 -0.034753069281578064 0.5288079380989075 0.3286620080471039 -0.04190365597605705 0.5454599857330322 0.47911059856414795 -0.05175688490271568 0.5719901919364929 0.3343210220336914 -0.0741567388176918 0.5558660626411438 0.3273295760154724 -0.07632000744342804 0.5402315258979797 0.3558948040008545 -0.07168982177972794 0.6035825610160828 0.49758413434028625 -0.05524498224258423 0.6361129283905029 0.33804136514663696 -0.07676256448030472 0.6424217224121094 0.24955222010612488 -0.08490069955587387 0.6418489217758179 0.1866435706615448 -0.08960380405187607 0.6469013690948486 0.5188101530075073 -0.057471174746751785 0.6907338500022888 0.3760754466056824 -0.07997938245534897 0.7097559571266174 0.29052406549453735 -0.09315023571252823 0.7177355289459229 0.22431465983390808 -0.09964574873447418 0.6736242771148682 0.5401574373245239 -0.05751039832830429 0.7201340198516846 0.43972063064575195 -0.07377571612596512 0.7463183999061584 0.3777225911617279 -0.07888057082891464 0.7633584141731262 0.3279372453689575 -0.08057377487421036
0.5362716317176819 0.6609790921211243 1.0671617189927929e-07 0.489326149225235 0.5595217943191528 -0.007158542051911354 0.4796938896179199 0.4365021288394928 -0.018726889044046402 0.5056860446929932 0.34237226843833923 -0.02761225961148739 0.5545837879180908 0.31870710849761963 -0.032905131578445435 0.5352432131767273 0.44462960958480835 -0.05247398465871811 0.5713260173797607 0.3080315887928009 -0.07511413097381592 0.5615386962890625 0.32824230194091797 -0.0772867277264595 0.5509713888168335 0.3715411424636841 -0.07287560403347015 0.5944042801856995 0.47332146763801575 -0.05780000612139702 0.6331315636634827 0.32097864151000977 -0.07701043039560318 0.647411584854126 0.23592744767665863 -0.08410502225160599 0.6536655426025391 0.16884365677833557 -0.08906351029872894 0.6392637491226196 0.5024206638336182 -0.061349041759967804 0.683235764503479 0.3631027042865753 -0.08180021494626999 0.7085227966308594 0.2774960994720459 -0.09666483104228973 0.7217307686805725 0.20889070630073547 -0.10522083193063736 0.6677795052528381 0.5291447639465332 -0.06227518990635872 0.7126553058624268 0.433350145816803 -0.07548576593399048 0.7394227981567383 0.37150290608406067 -0.08111312240362167 0.758659303188324 0.32104605436325073 -0.08452566713094711
0.5204579830169678 0.6370314359664917 1.6868111174517253e-07 0.48825713992118835 0.5394507050514221 0.0056642210111021996 0.49492764472961426 0.42409929633140564 -0.003105159616097808 0.5227800011634827 0.33708709478378296 -0.012211905792355537 0.5620013475418091 0.2937203645706177 -0.020815132185816765 0.5245155692100525 0.42322051525115967 -0.04088352993130684 0.569660484790802 0.31005361676216125 -0.06330803781747818 0.5805026292800903 0.305672287940979 -0.0698242112994194 0.5858752727508545 0.3143012225627899 -0.07033742964267731 0.5674886107444763 0.4574868381023407 -0.0549125075340271 0.6154746413230896 0.31060364842414856 -0.07713262736797333 0.6410697102546692 0.22687922418117523 -0.08802740275859833 0.6587985754013062 0.15927466750144958 -0.09476812928915024 0.609275758266449 0.49423161149024963 -0.06590412557125092 0.6662030220031738 0.36031967401504517 -0.0890500396490097 0.6989357471466064 0.27774778008461 -0.10412133485078812 0.7201786041259766 0.20860566198825836 -0.1119890958070755 0.6465772390365601 0.5306911468505859 -0.07338892668485641 0.6977019906044006 0.4347919821739197 -0.09057113528251648 0.7268556952476501 0.37625837326049805 -0.09650710225105286 0.7494263648986816 0.32604673504829407 -0.09891009330749512
0.5045181512832642 0.6107028722763062 7.24324877410254e-07 0.5086661577224731 0.5324273109436035 0.0026134264189749956 0.5321356654167175 0.42289990186691284 -0.009924237616360188 0.5595898032188416 0.3427485227584839 -0.022054843604564667 0.5941047072410583 0.29683759808540344 -0.0350659117102623 0.5278394222259521 0.41204261779785156 -0.04892835393548012 0.59961998462677 0.31388604640960693 -0.0707734152674675 0.6420027017593384 0.2679823935031891 -0.0780579149723053 0.6758639812469482 0.23280152678489685 -0.08068285137414932 0.5422398447990417 0.43159380555152893 -0.06164953112602234 0.6196392774581909 0.3082368075847626 -0.08741052448749542 0.6697825193405151 0.23883530497550964 -0.09669339656829834 0.7093302011489868 0.1870235800743103 -0.0997404083609581 0.5617493987083435 0.457370787858963 -0.07061919569969177 0.6295851469039917 0.323972225189209 -0.09462642669677734 0.6753238439559937 0.24611149728298187 -0.10554099828004837 0.7119993567466736 0.1844484806060791 -0.1101423054933548 0.5826981067657471 0.4865940511226654 -0.07669989764690399 0.6445095539093018 0.40216952562332153 -0.09388276934623718 0.6829661130905151 0.3558102250099182 -0.09811346232891083 0.7146786451339722 0.3188028931617737 -0.09882926195859909
0.48712942004203796 0.5651839971542358 8.949990615292336e-07 0.48151227831840515 0.45988452434539795 -0.0004104476538486779 0.5154449939727783 0.3562617599964142 -0.014032411389052868 0.5657901763916016 0.29809510707855225 -0.028793346136808395 0.6159927845001221 0.27355921268463135 -0.04403696209192276 0.5066761374473572 0.31971168518066406 -0.03632821887731552 0.5791187882423401 0.24090102314949036 -0.0633384957909584 0.6297361254692078 0.19176509976387024 -0.08084017038345337 0.6701700091362 0.15777230262756348 -0.09166672080755234 0.532133936882019 0.35780516266822815 -0.0529271736741066 0.606763482093811 0.2570270299911499 -0.0760950893163681 0.6610905528068542 0.19462081789970398 -0.0904572531580925 0.704888641834259 0.14731714129447937 -0.10050883889198303 0.5640647411346436 0.41129058599472046 -0.06821299344301224 0.6380571126937866 0.3139800727367401 -0.08908317983150482 0.687591016292572 0.2623470425605774 -0.09805528819561005 0.7244581580162048 0.22113873064517975 -0.10361047834157944 0.5986806154251099 0.47404763102531433 -0.08270243555307388 0.6550031900405884 0.4066222012042999 -0.09808400273323059 0.6863805651664734 0.3663984537124634 -0.1004178375005722 0.7110068202018738 0.3331489861011505 -0.10100549459457397
0.4846707582473755 0.5229142904281616 8.584763691033004e-07 0.5085486769676208 0.43605685234069824 0.0032496736384928226 0.5426863431930542 0.34164392948150635 -0.013064850121736526 0.5905609726905823 0.2820644974708557 -0.031998682767152786 0.636775553226471 0.24427270889282227 -0.05275605246424675 0.518024206161499 0.27904731035232544 -0.0433366484940052 0.5983250737190247 0.2017642855644226 -0.0756339579820633 0.6524242162704468 0.16287310421466827 -0.09622983634471893 0.6975564956665039 0.13614027202129364 -0.1103009358048439 0.5262495279312134 0.3148754835128784 -0.06511758267879486 0.6129896640777588 0.2229609489440918 -0.09551624208688736 0.6721765995025635 0.1805562525987625 -0.11400841176509857 0.7212450504302979 0.15004955232143402 -0.12805917859077454 0.5418926477432251 0.36739200353622437 -0.08497991412878036 0.6206757426261902 0.27639418840408325 -0.11027716100215912 0.6745408177375793 0.24276722967624664 -0.1195099949836731 0.7164810299873352 0.2170296162366867 -0.12719888985157013 0.5616201758384705 0.4252173602581024 -0.1038132980465889 0.6071907877922058 0.36251765489578247 -0.12487150728702545 0.6416482329368591 0.32415997982025146 -0.13163571059703827 0.6747108697891235 0.2912744879722595 -0.13668017089366913
0.49543431401252747 0.491527259349823 4.819459036298213e-07 0.5702860355377197 0.4439765214920044 0.014519882388412952 0.6196776628494263 0.3868604004383087 0.00901466142386198 0.6611900925636292 0.36573266983032227 -0.00712786428630352 0.7064945697784424 0.35249072313308716 -0.024502798914909363 0.5705440044403076 0.25717687606811523 0.02078833431005478 0.6240068078041077 0.19547949731349945 -0.003930600825697184 0.6731657981872559 0.18511885404586792 -0.025661125779151917 0.7135242819786072 0.186150923371315 -0.03974460810422897 0.5575444102287292 0.2528955638408661 -0.006920704152435064 0.6284418106079102 0.16984577476978302 -0.029441360384225845 0.6866117715835571 0.1493828296661377 -0.0474802702665329 0.7327867746353149 0.14536814391613007 -0.05965568125247955 0.5474343299865723 0.2631036639213562 -0.037227414548397064 0.6133297681808472 0.18448439240455627 -0.06233007460832596 0.6680075526237488 0.19899724423885345 -0.07081317901611328 0.7066375017166138 0.2273336946964264 -0.07313206791877747 0.5440512299537659 0.28554004430770874 -0.06755557656288147 0.5917292833328247 0.220294788479805 -0.08717682212591171 0.6372559666633606 0.21654358506202698 -0.08969150483608246 0.6747331619262695 0.23219221830368042 -0.08898396044969559
0.4947349429130554 0.4585886001586914 3.650174278391205e-07 0.5677757263183594 0.4279478192329407 -0.01281412411481142 0.628275990486145 0.40004584193229675 -0.033753473311662674 0.6768457889556885 0.3919735550880432 -0.05847503989934921 0.7037286162376404 0.365692675113678 -0.08307060599327087 0.6117085814476013 0.2597244083881378 -0.01513945497572422 0.6763948202133179 0.22309857606887817 -0.06162909045815468 0.6988754272460938 0.2787591814994812 -0.09905238449573517 0.7053225636482239 0.33926478028297424 -0.11696944385766983 0.5956556797027588 0.2438870370388031 -0.03071352280676365 0.6594350337982178 0.16021370887756348 -0.06152353063225746 0.7110201716423035 0.1378893405199051 -0.08637586981058121 0.7546005845069885 0.13321499526500702 -0.10189905762672424 0.5662336349487305 0.251115083694458 -0.05209147185087204 0.6166531443595886 0.15775923430919647 -0.07856521755456924 0.6646252870559692 0.12186549603939056 -0.09651070088148117 0.7086052298545837 0.10082772374153137 -0.10664380341768265 0.5312656164169312 0.2778051197528839 -0.07507187128067017 0.5491534471511841 0.19907709956169128 -0.09247338026762009 0.5770657658576965 0.15197698771953583 -0.09808161109685898 0.6089850664138794 0.1186823844909668 -0.10085434466600418
0.46312767267227173 0.4267764389514923 6.403272436728003e-07 0.5325639247894287 0.4265303611755371 -0.024065397679805756 0.6047375202178955 0.42009758949279785 -0.0494476743042469 0.6542420387268066 0.4302709102630615 -0.0764487013220787 0.6728583574295044 0.4265563189983368 -0.10694063454866409 0.6196169257164001 0.28315743803977966 -0.03545622527599335 0.6743597984313965 0.19943219423294067 -0.07126063108444214 0.7109388709068298 0.14685627818107605 -0.10015196353197098 0.7429046034812927 0.10659195482730865 -0.11901053786277771 0.6004337072372437 0.26772406697273254 -0.046072766184806824 0.6560500264167786 0.17920413613319397 -0.07645643502473831 0.693713903427124 0.129580557346344 -0.10170846432447433 0.7261562943458557 0.09104526042938232 -0.11954779922962189 0.5722916722297668 0.2634870409965515 -0.059785012155771255 0.6169207096099854 0.17732837796211243 -0.08469291776418686 0.6464737057685852 0.14103537797927856 -0.09647323936223984 0.6723107099533081 0.11523528397083282 -0.10377247631549835 0.5372564196586609 0.27019578218460083 -0.07637184113264084 0.5654222965240479 0.19982048869132996 -0.09475576132535934 0.5916825532913208 0.1687312126159668 -0.09815116971731186 0.6156912446022034 0.14980852603912354 -0.09943340718746185
0.4145546555519104 0.3793255686759949 2.49471213464858e-07 0.5019097328186035 0.3964492678642273 0.006533465348184109 0.5684874057769775 0.4078454375267029 -0.01588454097509384 0.6108422875404358 0.44140297174453735 -0.0460272915661335 0.643809974193573 0.48089224100112915 -0.0794810801744461 0.6232308149337769 0.27430516481399536 -0.032017625868320465 0.7096914649009705 0.2878962755203247 -0.08345932513475418 0.7398934960365295 0.3437015414237976 -0.1204928606748581 0.7479720711708069 0.40701180696487427 -0.14286541938781738 0.5985262989997864 0.2715928256511688 -0.06573815643787384 0.6895190477371216 0.2706502676010132 -0.11899591982364655 0.7225896120071411 0.3370600938796997 -0.1502491533756256 0.72938072681427 0.39990314841270447 -0.1665552407503128 0.5590977668762207 0.284984827041626 -0.10045517981052399 0.6384108066558838 0.26188382506370544 -0.14683929085731506 0.6676190495491028 0.3120232820510864 -0.16351592540740967 0.6800263524055481 0.3553750514984131 -0.16930828988552094 0.515331506729126 0.3116829991340637 -0.1339649111032486 0.5502449870109558 0.2810651659965515 -0.17350462079048157 0.5722535848617554 0.2753475308418274 -0.18844375014305115 0.587969958782196 0.2763414978981018 -0.19490933418273926
0.8011502623558044 0.8326847553253174 -1.8294490189418866e-07 0.7753787636756897 0.845266580581665 -0.014124938286840916 0.7394893765449524 0.8674529790878296 -0.021589186042547226 0.7113548517227173 0.8987678289413452 -0.02598431706428528 0.6977229714393616 0.9271714687347412 -0.028721025213599205 0.7162991166114807 0.8498890995979309 -0.03094940073788166 0.6904928684234619 0.915860116481781 -0.043151386082172394 0.7095364332199097 0.9173798561096191 -0.04667763039469719 0.7247685194015503 0.8990335464477539 -0.0465787872672081 0.7244940996170044 0.8636463284492493 -0.026401881128549576 0.700208306312561 0.9242902994155884 -0.037829477339982986 0.7171658873558044 0.9236978888511658 -0.039314404129981995 0.7305781245231628 0.9054449796676636 -0.03849180042743683 0.7352726459503174 0.8804486393928528 -0.021826354786753654 0.7137078642845154 0.9358958005905151 -0.030833598226308823 0.7281100749969482 0.932258129119873 -0.026913205161690712 0.7402990460395813 0.9141058325767517 -0.022463366389274597 0.7466527223587036 0.8987435102462769 -0.017713451758027077 0.7275843024253845 0.9440743923187256 -0.02552785910665989 0.738490879535675 0.9407340288162231 -0.022124772891402245 0.7494194507598877 0.9233898520469666 -0.01746159978210926
0.3805578351020813 0.3355872631072998 3.7054746826470364e-07 0.47580844163894653 0.36052796244621277 0.02021211013197899 0.5552811026573181 0.3805171549320221 0.009934918023645878 0.6005145311355591 0.4296453893184662 -0.006601209286600351 0.6357223391532898 0.4802137017250061 -0.027014192193746567 0.5991830229759216 0.2508871555328369 -0.021319765597581863 0.6663979291915894 0.3416808545589447 -0.05025354027748108 0.6770214438438416 0.40203210711479187 -0.07353273779153824 0.6862412691116333 0.4587406814098358 -0.09384464472532272 0.5777484178543091 0.25972920656204224 -0.055863525718450546 0.6748979687690735 0.3145749270915985 -0.08458514511585236 0.7229188084602356 0.36401933431625366 -0.10754634439945221 0.7634029984474182 0.40921011567115784 -0.12692107260227203 0.5363233089447021 0.28309890627861023 -0.08890435099601746 0.6454625129699707 0.3032541573047638 -0.12318095564842224 0.6928873658180237 0.3364066183567047 -0.14781300723552704 0.7379058003425598 0.3598554730415344 -0.16632728278636932 0.49404892325401306 0.32075124979019165 -0.1179114356637001 0.5446534752845764 0.32248690724372864 -0.15700967609882355 0.5771170258522034 0.3133413791656494 -0.17974644899368286 0.6147692799568176 0.30335816740989685 -0.1961272656917572
0.3759987950325012 0.31219926476478577 4.3211406364207505e-07 0.46666476130485535 0.3413206934928894 0.029726071283221245 0.5404333472251892 0.34776145219802856 0.021949289366602898 0.5852862596511841 0.3783702552318573 0.006610221695154905 0.6226058602333069 0.425704687833786 -0.011975131928920746 0.585125207901001 0.22789494693279266 -0.02496374398469925 0.6580301523208618 0.32413315773010254 -0.053020063787698746 0.6585537195205688 0.38830146193504333 -0.07349171489477158 0.6616585850715637 0.4466058909893036 -0.09056287258863449 0.561292290687561 0.2431332916021347 -0.06351997703313828 0.6644579768180847 0.30252575874328613 -0.08764892816543579 0.7181096076965332 0.352120578289032 -0.1073014959692955 0.7639632225036621 0.4018557667732239 -0.12483857572078705 0.5222256183624268 0.27295589447021484 -0.09864268451929092 0.6353379487991333 0.30058860778808594 -0.12475718557834625 0.6867685317993164 0.33661308884620667 -0.1440475434064865 0.7340095043182373 0.3649536371231079 -0.16059650480747223 0.4861487150192261 0.3188474178314209 -0.12910208106040955 0.5399195551872253 0.31431084871292114 -0.15700814127922058 0.5737254023551941 0.3017668128013611 -0.17102591693401337 0.6113913059234619 0.29158705472946167 -0.18219023942947388
0.7991355657577515 0.8400238752365112 -9.138838663602655e-08 0.7646960020065308 0.8317192196846008 -0.01515917107462883 0.7265211343765259 0.8478636741638184 -0.02433355711400509 0.6992467641830444 0.8855733871459961 -0.03014371357858181 0.6914855241775513 0.9217498302459717 -0.03438565135002136 0.7154427766799927 0.8502445220947266 -0.03193579986691475 0.6881548166275024 0.9158100485801697 -0.04475587233901024 0.7026916742324829 0.9153696894645691 -0.04908505827188492 0.7172757387161255 0.896794855594635 -0.04964291676878929 0.7313157320022583 0.875864565372467 -0.027122873812913895 0.7074161767959595 0.9325094223022461 -0.03718453645706177 0.7172567844390869 0.9309545159339905 -0.03962336853146553 0.7290264964103699 0.915603756904602 -0.04071745276451111 0.7475759983062744 0.9000856876373291 -0.02235802821815014 0.7266632318496704 0.9486598968505859 -0.030588489025831223 0.7342453002929688 0.9432379603385925 -0.027314478531479836 0.7447925209999084 0.9282253384590149 -0.024331413209438324 0.7621660232543945 0.9219666123390198 -0.018050413578748703 0.7441359758377075 0.9611359238624573 -0.0250382237136364 0.7501555681228638 0.9550346732139587 -0.021528109908103943 0.7594024538993835 0.9412520527839661 -0.01746547780930996
0.37140125036239624 0.33450135588645935 6.102989686951332e-07 0.446656733751297 0.3229372501373291 0.013659224845468998 0.5344676375389099 0.3270522654056549 0.003965854644775391 0.5936058163642883 0.3715130090713501 -0.010982531122863293 0.6372252702713013 0.41314101219177246 -0.02860346809029579 0.5679953694343567 0.2234010249376297 -0.023933056741952896 0.6505789756774902 0.28028273582458496 -0.053366001695394516 0.7024211883544922 0.3195589780807495 -0.07616448402404785 0.7443957328796387 0.3582237958908081 -0.09338775277137756 0.5465803742408752 0.24828875064849854 -0.052822764962911606 0.6490625143051147 0.28873857855796814 -0.0796709656715393 0.7119249701499939 0.3256896436214447 -0.10126712173223495 0.7656756043434143 0.3605649769306183 -0.1179473027586937 0.5172967910766602 0.29420968890190125 -0.08010164648294449 0.6226080060005188 0.30851030349731445 -0.10604138672351837 0.68290776014328 0.3320407569408417 -0.12133804708719254 0.7355536818504333 0.3523496389389038 -0.1326420158147812 0.48863866925239563 0.3551545739173889 -0.10537350922822952 0.5544880628585815 0.3493744432926178 -0.125036358833313 0.5954296588897705 0.3436848521232605 -0.13207374513149261 0.6356379389762878 0.34341949224472046 -0.13792532682418823
0.4012652039527893 0.46265822649002075 7.227561695799523e-07 0.4774843454360962 0.4661760926246643 -0.003189721377566457 0.5531968474388123 0.43623045086860657 -0.013767841272056103 0.6076205372810364 0.42811858654022217 -0.028527328744530678 0.6521021723747253 0.4445127248764038 -0.04313984513282776 0.5666456818580627 0.27929067611694336 -0.004603116773068905 0.6456921696662903 0.26761555671691895 -0.03126214072108269 0.7009506821632385 0.28850236535072327 -0.05285954475402832 0.7419415712356567 0.31406667828559875 -0.06590141355991364 0.5494460463523865 0.2647823691368103 -0.019675947725772858 0.642031192779541 0.25940048694610596 -0.042117889970541 0.7068672776222229 0.2788969874382019 -0.057822760194540024 0.7568387985229492 0.30479416251182556 -0.06765415519475937 0.528666079044342 0.27109062671661377 -0.03721262142062187 0.6196234822273254 0.26729393005371094 -0.05789588764309883 0.677075982093811 0.29089605808258057 -0.06406787782907486 0.7186101675033569 0.3189474940299988 -0.06630398333072662 0.5055157542228699 0.2946087718009949 -0.05586721748113632 0.5767257213592529 0.281639039516449 -0.07111679762601852 0.6234666109085083 0.29553544521331787 -0.07143662869930267 0.657416582107544 0.3158888518810272 -0.06939813494682312
0.7941250801086426 0.8289860486984253 -1.8478796448562207e-07 0.7916906476020813 0.866649329662323 -0.019458245486021042 0.767235279083252 0.899957537651062 -0.027215084061026573 0.7384406328201294 0.9287545084953308 -0.03133001551032066 0.7196322083473206 0.9506392478942871 -0.033329252153635025 0.7243267893791199 0.8559668660163879 -0.030418753623962402 0.6930580139160156 0.9197021126747131 -0.04031892493367195 0.7087674736976624 0.9339633584022522 -0.043677449226379395 0.7220178842544556 0.9249216318130493 -0.04424246773123741 0.7144972085952759 0.8502905368804932 -0.023478414863348007 0.6858364343643188 0.912898600101471 -0.03232315182685852 0.6996122002601624 0.9293870329856873 -0.034647136926651 0.7131588459014893 0.9230607748031616 -0.035381801426410675 0.7087931632995605 0.8492441177368164 -0.017145896330475807 0.6827424764633179 0.90836101770401 -0.025551369413733482 0.6977871656417847 0.9219106435775757 -0.02470453269779682 0.7122058868408203 0.9149723052978516 -0.02278910018503666 0.7061483860015869 0.8528451323509216 -0.011859724298119545 0.6823713183403015 0.8991755843162537 -0.020692089572548866 0.6928704380989075 0.9110803008079529 -0.020420705899596214 0.7053362131118774 0.903301477432251 -0.018071971833705902
0.4593515992164612 0.59591144323349 2.7702182592292957e-07 0.5379906296730042 0.5637202262878418 0.0002885863068513572 0.6000441312789917 0.510725200176239 -0.0023352087009698153 0.6428695917129517 0.485458642244339 -0.011962388642132282 0.671684205532074 0.45431387424468994 -0.01899152435362339 0.5733817219734192 0.37582719326019287 0.015018493868410587 0.6282914876937866 0.3308371305465698 -0.020648106932640076 0.6518580317497253 0.3732035756111145 -0.050252869725227356 0.6659790277481079 0.4253934323787689 -0.06444449722766876 0.5470614433288574 0.3564060628414154 -0.0027524917386472225 0.593643844127655 0.2714185118675232 -0.023035937920212746 0.6391099095344543 0.2470180094242096 -0.0393403097987175 0.6844959259033203 0.2343699038028717 -0.04936904087662697 0.5152519941329956 0.35644787549972534 -0.02663499303162098 0.549250066280365 0.265584796667099 -0.04470725730061531 0.5839258432388306 0.2280476838350296 -0.053017668426036835 0.622291088104248 0.2096053808927536 -0.05669974908232689 0.4827386736869812 0.3756522536277771 -0.0524313822388649 0.5001260638237 0.30372515320777893 -0.06361045688390732 0.5202696919441223 0.2637486457824707 -0.06307701766490936 0.5426939129829407 0.24266228079795837 -0.060896724462509155
0.7896408438682556 0.8287630677223206 -2.3985094799172657e-07 0.7871906757354736 0.86883544921875 -0.022726384922862053 0.767684280872345 0.8987988829612732 -0.03550926595926285 0.7445039749145508 0.9193064570426941 -0.04428400099277496 0.7296811938285828 0.9347878694534302 -0.05027913302183151 0.7274619936943054 0.855739414691925 -0.03451449051499367 0.6948950290679932 0.9147359728813171 -0.04830559343099594 0.7138076424598694 0.9202979803085327 -0.05275725573301315 0.7308987379074097 0.9040231704711914 -0.053639087826013565 0.7144716382026672 0.8463577032089233 -0.0266979169100523 0.6857322454452515 0.9040452837944031 -0.041383471339941025 0.7065739631652832 0.9116460084915161 -0.043320994824171066 0.7203218340873718 0.8961354494094849 -0.042307838797569275 0.7069863080978394 0.8432357311248779 -0.0199360940605402 0.6805664896965027 0.8965993523597717 -0.0326080359518528 0.6979503631591797 0.9040902853012085 -0.030445944517850876 0.7102980017662048 0.8890345096588135 -0.026730509474873543 0.7027192711830139 0.8450641632080078 -0.014510923996567726 0.6806210279464722 0.8844262957572937 -0.026013733819127083 0.6930393576622009 0.8910222053527832 -0.02556009590625763 0.7053501605987549 0.8781489133834839 -0.02230403572320938
0.5086491107940674 0.648350715637207 2.841672710474086e-07 0.5781793594360352 0.5918831825256348 -0.006409035064280033 0.6249048709869385 0.535179615020752 -0.016765935346484184 0.6643880009651184 0.5029462575912476 -0.032770559191703796 0.6781149506568909 0.46097591519355774 -0.0468519851565361 0.5773753523826599 0.41038089990615845 0.006172018125653267 0.6219714879989624 0.35274454951286316 -0.036250028759241104 0.6528512239456177 0.3897533416748047 -0.07265232503414154 0.6720499396324158 0.4399588704109192 -0.09056947380304337 0.5502705574035645 0.3991020917892456 -0.010368523187935352 0.5762273073196411 0.29791706800460815 -0.036565665155649185 0.6176142692565918 0.26158878207206726 -0.05900033190846443 0.6571617722511292 0.23769545555114746 -0.07310236245393753 0.5199412107467651 0.4106822609901428 -0.03317447379231453 0.531299889087677 0.30939456820487976 -0.05655748024582863 0.5603199005126953 0.25818920135498047 -0.07088194042444229 0.5945116877555847 0.2210334837436676 -0.0785757452249527 0.4908926486968994 0.4418324828147888 -0.05793670564889908 0.48557358980178833 0.3628917932510376 -0.0725594013929367 0.5005469918251038 0.3142624497413635 -0.07498820126056671 0.5243178606033325 0.27805233001708984 -0.07547777891159058
0.531058669090271 0.6644929051399231 3.418575147406955e-07 0.5942626595497131 0.6026432514190674 -0.010545594617724419 0.6390788555145264 0.5407822728157043 -0.02512751705944538 0.6800349950790405 0.4997253715991974 -0.044284917414188385 0.691787600517273 0.4497942626476288 -0.062132805585861206 0.5835884809494019 0.4250554144382477 -0.0077163842506706715 0.6205497980117798 0.3558313250541687 -0.05193449556827545 0.6547888517379761 0.3843545913696289 -0.08699434995651245 0.6786724925041199 0.4276566803455353 -0.10382141917943954 0.5548349022865295 0.4170156717300415 -0.02298460155725479 0.5722320675849915 0.31028878688812256 -0.05123472213745117 0.6112543940544128 0.2637665867805481 -0.07213155925273895 0.6487252712249756 0.2334626317024231 -0.08523399382829666 0.524231493473053 0.4340190291404724 -0.04432093724608421 0.5259504318237305 0.325397789478302 -0.06913423538208008 0.5507645606994629 0.2641521692276001 -0.08346953988075256 0.5811191201210022 0.21827496588230133 -0.09136998653411865 0.49681389331817627 0.4702509343624115 -0.06769142299890518 0.4839157462120056 0.38684090971946716 -0.08523760735988617 0.4969496726989746 0.33094409108161926 -0.09010566771030426 0.519746720790863 0.28481441736221313 -0.0921754539012909
0.5448265671730042 0.6723095178604126 4.4102179685978626e-07 0.6045930981636047 0.6064514517784119 -0.017143845558166504 0.6454582214355469 0.5401288270950317 -0.03418957069516182 0.6818230152130127 0.4922661781311035 -0.05458618700504303 0.7003791332244873 0.43880191445350647 -0.07354926317930222 0.5833404064178467 0.4276386797428131 -0.01026435848325491 0.6207394599914551 0.35485896468162537 -0.05370783060789108 0.6573305726051331 0.37796705961227417 -0.08828998357057571 0.6822646856307983 0.41569072008132935 -0.10502082854509354 0.5542474389076233 0.41842520236968994 -0.02182953432202339 0.5712525248527527 0.3159390091896057 -0.04925718531012535 0.6072656512260437 0.26188039779663086 -0.07024291902780533 0.640842854976654 0.22271087765693665 -0.08369462937116623 0.5243978500366211 0.43629691004753113 -0.04011552780866623 0.5245960354804993 0.3302866816520691 -0.06480864435434341 0.5447611808776855 0.26271137595176697 -0.0789298415184021 0.5698162317276001 0.20921553671360016 -0.08658356964588165 0.49679625034332275 0.4744201600551605 -0.061011917889118195 0.48384371399879456 0.39106428623199463 -0.07853616774082184 0.49442440271377563 0.33163535594940186 -0.08307178318500519 0.514132559299469 0.28196507692337036 -0.0846831202507019
0.5464833378791809 0.683093786239624 3.8936718738113996e-07 0.6055203080177307 0.6152551174163818 -0.017042238265275955 0.6476548314094543 0.5487788319587708 -0.034683287143707275 0.6842742562294006 0.4999564588069916 -0.055701058357954025 0.698836088180542 0.443837434053421 -0.07504165917634964 0.5840777158737183 0.43920034170150757 -0.01057362649589777 0.6207901835441589 0.36333733797073364 -0.05588938295841217 0.6583025455474854 0.3872660994529724 -0.09163590520620346 0.6844198703765869 0.42613041400909424 -0.10859411209821701 0.5555306673049927 0.42933088541030884 -0.022840475663542747 0.5691781640052795 0.3219251334667206 -0.05294681340456009 0.604476809501648 0.2692081928253174 -0.07546605169773102 0.6390026807785034 0.23076733946800232 -0.08908616006374359 0.5263027548789978 0.4473854601383209 -0.0419405959546566 0.5257478356361389 0.34088343381881714 -0.06829061359167099 0.5454348921775818 0.2711580991744995 -0.08464518189430237 0.5702465772628784 0.21387958526611328 -0.09338326007127762 0.5003809332847595 0.48618826270103455 -0.06355518102645874 0.4835650324821472 0.4011027216911316 -0.08165419846773148 0.49359896779060364 0.3401634097099304 -0.08736515045166016 0.5145197510719299 0.2888771891593933 -0.08975056558847427
0.5471243262290955 0.6881556510925293 4.2895740648418723e-07 0.6049249768257141 0.6204426884651184 -0.018088746815919876 0.6470532417297363 0.5531521439552307 -0.035978686064481735 0.6844483613967896 0.502831220626831 -0.057215429842472076 0.6988726854324341 0.4463203251361847 -0.0768241360783577 0.5815207362174988 0.44076481461524963 -0.01059895008802414 0.6196635961532593 0.36751589179039 -0.054550155997276306 0.657695472240448 0.39059877395629883 -0.08883249759674072 0.6843855977058411 0.4295800030231476 -0.10477239638566971 0.5523115992546082 0.4305002689361572 -0.02211553044617176 0.5654278993606567 0.32490968704223633 -0.050088342279195786 0.5997834801673889 0.27128833532333374 -0.07054872065782547 0.6344130039215088 0.23410868644714355 -0.08300013840198517 0.5225829482078552 0.4487497806549072 -0.040601812303066254 0.5172559022903442 0.34427592158317566 -0.06519004702568054 0.535393476486206 0.2784796953201294 -0.07984235137701035 0.5604637265205383 0.2272637039422989 -0.08766395598649979 0.4962013363838196 0.4886828064918518 -0.06185208633542061 0.4771000146865845 0.40653863549232483 -0.0787128284573555 0.48606738448143005 0.34868818521499634 -0.08337906002998352 0.5065165162086487 0.3018486499786377 -0.08508545905351639
0.5596181154251099 0.6833393573760986 4.5118093794371816e-07 0.6109669804573059 0.6103029251098633 -0.016338948160409927 0.6477607488632202 0.5317574739456177 -0.032102786004543304 0.6832568645477295 0.4764808416366577 -0.0513489730656147 0.6936938166618347 0.4222368896007538 -0.06877607852220535 0.5776688456535339 0.42959064245224 -0.009769066236913204 0.6104328632354736 0.35152101516723633 -0.052407264709472656 0.6501673460006714 0.37102678418159485 -0.08589012920856476 0.6786167621612549 0.4056103229522705 -0.1014782264828682 0.5469197630882263 0.4246346950531006 -0.021701939404010773 0.5509759783744812 0.3186774253845215 -0.048505913466215134 0.5836905837059021 0.25922316312789917 -0.06797584146261215 0.6158922910690308 0.21545135974884033 -0.07974224537611008 0.5191888809204102 0.44744208455085754 -0.0402987077832222 0.5051453113555908 0.3422900438308716 -0.06396670639514923 0.521235466003418 0.272541880607605 -0.07698129117488861 0.5443519949913025 0.21820226311683655 -0.08356457948684692 0.49707135558128357 0.49008557200431824 -0.06160492077469826 0.4740680158138275 0.407876193523407 -0.07725279778242111 0.47995883226394653 0.34874972701072693 -0.0803803876042366 0.49719521403312683 0.30110877752304077 -0.08096040785312653
0.5667393207550049 0.6853036880493164 3.844164950805862e-07 0.6171675324440002 0.6046539545059204 -0.01246822252869606 0.64990234375 0.5238695740699768 -0.029667861759662628 0.6829438805580139 0.4669627547264099 -0.05060451850295067 0.7002346515655518 0.412079393863678 -0.0704268142580986 0.5722103714942932 0.43052399158477783 -0.013607346452772617 0.6024359464645386 0.34917357563972473 -0.05697891488671303 0.6436004042625427 0.3676221966743469 -0.09072605520486832 0.6753191947937012 0.40523117780685425 -0.1069018542766571 0.5446704626083374 0.4325353801250458 -0.029102623462677002 0.540805459022522 0.3218654990196228 -0.05960885062813759 0.5745084881782532 0.2623066306114197 -0.08180214464664459 0.6110702753067017 0.22159411013126373 -0.09522344917058945 0.5219855308532715 0.4616755545139313 -0.05016285926103592 0.5005635619163513 0.3571484386920929 -0.07735622674226761 0.5180257558822632 0.28764253854751587 -0.09430035203695297 0.5452296733856201 0.23396052420139313 -0.10368213802576065 0.5076267123222351 0.5080286860466003 -0.07304981350898743 0.47474992275238037 0.4311734735965729 -0.0919218361377716 0.47957146167755127 0.3741658926010132 -0.09747522324323654 0.4987561106681824 0.3301038146018982 -0.10008762031793594
0.565014660358429 0.6818263530731201 3.2282176221087866e-07 0.619941234588623 0.5950020551681519 0.0007947376579977572 0.6498180627822876 0.513292670249939 -0.01306852139532566 0.6798511743545532 0.46064549684524536 -0.033799320459365845 0.700636625289917 0.4106312096118927 -0.053787339478731155 0.5603600740432739 0.424123615026474 0.0005357357440516353 0.5988475680351257 0.34786564111709595 -0.03885072469711304 0.6410375237464905 0.35697460174560547 -0.07086373120546341 0.6749741435050964 0.38728204369544983 -0.08685480058193207 0.5375118851661682 0.4314030706882477 -0.022148938849568367 0.5456439852714539 0.3181416392326355 -0.05344870686531067 0.5848768353462219 0.2660270631313324 -0.07657648622989655 0.6276729702949524 0.24302171170711517 -0.08913285285234451 0.5214443802833557 0.46142446994781494 -0.049277063459157944 0.517619252204895 0.35246896743774414 -0.07596147060394287 0.5474804639816284 0.29299062490463257 -0.09208312630653381 0.5824347138404846 0.2567959129810333 -0.09990774095058441 0.5174474716186523 0.5052509903907776 -0.07708790898323059 0.5048953890800476 0.42909786105155945 -0.09452851116657257 0.5089668035507202 0.3722727596759796 -0.10026242583990097 0.5212109088897705 0.33024895191192627 -0.10274935513734818
0.5550715923309326 0.6689914464950562 3.2309415587405965e-07 0.6109269857406616 0.5628933310508728 0.018414517864584923 0.6332018971443176 0.4794996678829193 0.009332118555903435 0.6628713011741638 0.4253920912742615 -0.009834815748035908 0.693787157535553 0.39353418350219727 -0.030305402353405952 0.5242000222206116 0.4137756824493408 0.005646097008138895 0.5606338381767273 0.3275158405303955 -0.02112886682152748 0.5985285043716431 0.2997590899467468 -0.04078921675682068 0.6314066648483276 0.288889616727829 -0.05448807403445244 0.5075185894966125 0.4316912591457367 -0.0252627395093441 0.5496769547462463 0.31816643476486206 -0.056606411933898926 0.5974520444869995 0.291174054145813 -0.07321067154407501 0.6378962993621826 0.2877582311630249 -0.08240094035863876 0.5055641531944275 0.4610365033149719 -0.05725900083780289 0.5408985614776611 0.35106566548347473 -0.08238257467746735 0.5854493975639343 0.3196457028388977 -0.08935645967721939 0.62347412109375 0.3092350363731384 -0.09244134277105331 0.5196402668952942 0.494956374168396 -0.08906091004610062 0.5365461111068726 0.411091685295105 -0.1071840450167656 0.5586954355239868 0.36200860142707825 -0.11410003155469894 0.5826623439788818 0.32791560888290405 -0.11895293742418289
0.534120500087738 0.6836751103401184 5.897199457649549e-07 0.5219578742980957 0.5801873207092285 0.004225859884172678 0.5317586660385132 0.4787106513977051 -0.01193617470562458 0.5633870959281921 0.4120810031890869 -0.03082244098186493 0.6007633805274963 0.367961585521698 -0.0499209463596344 0.4983002245426178 0.4417710304260254 -0.04088584706187248 0.5561990737915039 0.34248480200767517 -0.07186949253082275 0.5997854471206665 0.2986733317375183 -0.08981150388717651 0.6358264684677124 0.2750183045864105 -0.10096648335456848 0.5158893465995789 0.4740348160266876 -0.059893470257520676 0.5739387273788452 0.3690454065799713 -0.08665274828672409 0.6199876666069031 0.32775434851646423 -0.09712335467338562 0.6574997901916504 0.3099099397659302 -0.10489955544471741 0.5452144742012024 0.5149926543235779 -0.07745257765054703 0.5971362590789795 0.4179144501686096 -0.10056998580694199 0.6387203931808472 0.37991148233413696 -0.10556626319885254 0.6699652671813965 0.360990047454834 -0.10938873142004013 0.5828911066055298 0.5585070252418518 -0.09402654320001602 0.6320290565490723 0.4974888265132904 -0.1093403622508049 0.664177656173706 0.4672926664352417 -0.11095689237117767 0.6898217797279358 0.44855234026908875 -0.11209028214216232
0.5222433805465698 0.662688136100769 8.53163896863407e-07 0.5005011558532715 0.5673701763153076 -0.006481199525296688 0.5161960124969482 0.4650505483150482 -0.029999079182744026 0.5568884015083313 0.3965504765510559 -0.05218006670475006 0.6028287410736084 0.3647376000881195 -0.07613804191350937 0.5014864206314087 0.46653178334236145 -0.08268143981695175 0.560560941696167 0.3484150767326355 -0.11848784983158112 0.6031744480133057 0.3066624701023102 -0.13205619156360626 0.632373034954071 0.27936118841171265 -0.13869869709014893 0.5350772142410278 0.5141976475715637 -0.09920600801706314 0.6023512482643127 0.37244194746017456 -0.1341777890920639 0.6472086310386658 0.2981218695640564 -0.14370055496692657 0.6800415515899658 0.24767951667308807 -0.14924849569797516 0.5762509703636169 0.5617192387580872 -0.1126103401184082 0.6498993039131165 0.43120643496513367 -0.14194954931735992 0.6955450773239136 0.3547136187553406 -0.14861151576042175 0.7267113327980042 0.29422056674957275 -0.1518455147743225 0.6208623051643372 0.6035333871841431 -0.12464998662471771 0.6833957433700562 0.5114755034446716 -0.14557459950447083 0.7155948877334595 0.45401298999786377 -0.1476968377828598 0.7390653491020203 0.4051712155342102 -0.14841283857822418
0.5290279984474182 0.6292299032211304 7.393018108814431e-07 0.5053661465644836 0.5342997908592224 -0.00471930718049407 0.524882435798645 0.43621745705604553 -0.023968445137143135 0.5686952471733093 0.36775198578834534 -0.04083966463804245 0.6141281723976135 0.3373563289642334 -0.05847633630037308 0.5103335976600647 0.44454067945480347 -0.08069201558828354 0.5702889561653137 0.3237653374671936 -0.11435642838478088 0.6068547368049622 0.29011356830596924 -0.12382251024246216 0.6329001188278198 0.27705538272857666 -0.12580229341983795 0.5519249439239502 0.4908968508243561 -0.09497203677892685 0.6130990982055664 0.35050851106643677 -0.13087178766727448 0.6540685296058655 0.2736152410507202 -0.14194545149803162 0.6852681636810303 0.21933838725090027 -0.14720094203948975 0.5966776609420776 0.5363513231277466 -0.10539177060127258 0.655163049697876 0.4034714102745056 -0.136993408203125 0.6953145265579224 0.32462191581726074 -0.14902164041996002 0.7236666679382324 0.2623422145843506 -0.15457071363925934 0.6396926641464233 0.5751771926879883 -0.113368920981884 0.6877923607826233 0.4792821407318115 -0.13719989359378815 0.7141499519348145 0.4195876121520996 -0.14339619874954224 0.735700786113739 0.36867132782936096 -0.14586657285690308
0.5382044315338135 0.6132241487503052 6.767525633222249e-07 0.5149306058883667 0.5198383927345276 -0.004545021336525679 0.5379858613014221 0.423678457736969 -0.020213933661580086 0.5838629603385925 0.3610387444496155 -0.033490393310785294 0.6264723539352417 0.3340228796005249 -0.0480402372777462 0.5286001563072205 0.42606085538864136 -0.07387010008096695 0.5826929807662964 0.31079357862472534 -0.10523281246423721 0.6169324517250061 0.2722930908203125 -0.11441932618618011 0.6453603506088257 0.251537024974823 -0.11704710870981216 0.5711715817451477 0.46916621923446655 -0.08681824058294296 0.6258493065834045 0.3332566022872925 -0.12397327274084091 0.6638791561126709 0.25418493151664734 -0.1384032517671585 0.6949347853660583 0.19535872340202332 -0.1453927904367447 0.6149948835372925 0.5120025873184204 -0.09594445675611496 0.6692823171615601 0.385619193315506 -0.13038323819637299 0.7065072059631348 0.3084866404533386 -0.14681817591190338 0.734156608581543 0.24524468183517456 -0.15403537452220917 0.6539501547813416 0.5488622188568115 -0.1022590696811676 0.7036117315292358 0.4591098129749298 -0.1289433091878891 0.7306360602378845 0.3999553322792053 -0.13891829550266266 0.7543184161186218 0.34775829315185547 -0.1432696431875229
0.5517115592956543 0.6191327571868896 6.070488325349288e-07 0.5284543633460999 0.5288288593292236 -0.012223420664668083 0.5474459528923035 0.4321662485599518 -0.03049503080546856 0.5867521166801453 0.35862404108047485 -0.04475509375333786 0.62637859582901 0.317412793636322 -0.06094275042414665 0.5620995759963989 0.465206116437912 -0.07179723680019379 0.6140953302383423 0.3575763404369354 -0.09895507246255875 0.6465385556221008 0.29285168647766113 -0.10892320424318314 0.672225296497345 0.24171395599842072 -0.11291882395744324 0.596350908279419 0.4939444065093994 -0.07705074548721313 0.6581782698631287 0.37379783391952515 -0.10487323254346848 0.6972872018814087 0.29310429096221924 -0.11567854881286621 0.7263617515563965 0.22797180712223053 -0.12154010683298111 0.6278782486915588 0.518606424331665 -0.07923450320959091 0.6728471517562866 0.39030206203460693 -0.10562434792518616 0.7061312794685364 0.29652783274650574 -0.11996642500162125 0.7295752763748169 0.2202518880367279 -0.12730936706066132 0.6543480157852173 0.5349310636520386 -0.07945644855499268 0.6948657035827637 0.4362092912197113 -0.1008065938949585 0.7214759588241577 0.36625435948371887 -0.11035751551389694 0.7417778968811035 0.30673685669898987 -0.1152786985039711
0.5553466081619263 0.5788937211036682 5.29169199126045e-07 0.5540810227394104 0.51800936460495 -0.01586446724832058 0.5713649392127991 0.4277971684932709 -0.03157023712992668 0.5862313508987427 0.350527286529541 -0.04312030225992203 0.6005545258522034 0.29221588373184204 -0.05496259033679962 0.609043300151825 0.44465693831443787 -0.058543648570775986 0.6497077941894531 0.3405550718307495 -0.08144315332174301 0.6736897826194763 0.27954572439193726 -0.09046991914510727 0.6913742423057556 0.22740840911865234 -0.09462650120258331 0.6203946471214294 0.450435072183609 -0.06117798388004303 0.667683482170105 0.34340542554855347 -0.08510544896125793 0.6943526268005371 0.2671689987182617 -0.09392981976270676 0.7145915031433105 0.20511794090270996 -0.09842347353696823 0.6260982751846313 0.4555734694004059 -0.062118835747241974 0.6697055697441101 0.3507228195667267 -0.08267471939325333 0.695378303527832 0.27659597992897034 -0.09024356305599213 0.7141029238700867 0.21482250094413757 -0.09308289736509323 0.6272032856941223 0.45752501487731934 -0.06253089010715485 0.6673228740692139 0.37457138299942017 -0.07969114184379578 0.693427562713623 0.31254565715789795 -0.08549964427947998 0.71452397108078 0.25741565227508545 -0.08734852075576782
0.5664981603622437 0.5931813716888428 1.4384465885086684e-07 0.5219509601593018 0.5109074115753174 -0.012476682662963867 0.5135578513145447 0.4061025381088257 -0.026389451697468758 0.5351215600967407 0.3168909251689911 -0.03605269268155098 0.556972861289978 0.24996773898601532 -0.04493893310427666 0.5534635782241821 0.4085555076599121 -0.06506436318159103 0.5826348662376404 0.2896954417228699 -0.09184161573648453 0.5825793743133545 0.2660890221595764 -0.09679558873176575 0.5810726881027222 0.26507169008255005 -0.0957803949713707 0.6051572561264038 0.43580564856529236 -0.07166898250579834 0.6365231871604919 0.29454293847084045 -0.1007063239812851 0.6483414769172668 0.21598270535469055 -0.1120065301656723 0.6561741828918457 0.15492922067642212 -0.11832227557897568 0.6487556099891663 0.46587368845939636 -0.07636747509241104 0.6920369267463684 0.331134557723999 -0.1061488538980484 0.7106454372406006 0.24936367571353912 -0.1216801106929779 0.7204840779304504 0.18107549846172333 -0.12960323691368103 0.6832060813903809 0.496827632188797 -0.07872803509235382 0.7214730978012085 0.4034147560596466 -0.105964794754982 0.7385914921760559 0.3386092185974121 -0.1172185018658638 0.7472839951515198 0.2811445891857147 -0.12227543443441391
